observation_date,asof_date,vintage_available_utc,value,response_sha256_16
2019-12-02,2019-12-16,2019-12-17T22:00:00+00:00,1.83,a1cc48bf609303b8
2019-12-03,2019-12-16,2019-12-17T22:00:00+00:00,1.72,a1cc48bf609303b8
2019-12-04,2019-12-16,2019-12-17T22:00:00+00:00,1.77,a1cc48bf609303b8
2019-12-05,2019-12-16,2019-12-17T22:00:00+00:00,1.80,a1cc48bf609303b8
2019-12-06,2019-12-16,2019-12-17T22:00:00+00:00,1.84,a1cc48bf609303b8
2019-12-09,2019-12-16,2019-12-17T22:00:00+00:00,1.83,a1cc48bf609303b8
2019-12-10,2019-12-16,2019-12-17T22:00:00+00:00,1.85,a1cc48bf609303b8
2019-12-11,2019-12-16,2019-12-17T22:00:00+00:00,1.79,a1cc48bf609303b8
2019-12-12,2019-12-16,2019-12-17T22:00:00+00:00,1.90,a1cc48bf609303b8
2019-12-13,2019-12-16,2019-12-17T22:00:00+00:00,1.82,a1cc48bf609303b8
2019-12-16,2019-12-17,2019-12-18T22:00:00+00:00,1.89,6fb8d2e88dffc8e5
2019-12-17,2019-12-18,2019-12-19T22:00:00+00:00,1.89,536959517fe21327
2019-12-18,2019-12-19,2019-12-20T22:00:00+00:00,1.92,12b3ed257c1a81cb
2019-12-19,2019-12-20,2019-12-21T22:00:00+00:00,1.92,c7bf2fb198067ab2
2019-12-20,2019-12-23,2019-12-24T22:00:00+00:00,1.92,87b0ca5c65745ca3
2019-12-23,2019-12-26,2019-12-27T22:00:00+00:00,1.93,062d6eac10b97c9f
2019-12-24,2019-12-26,2019-12-27T22:00:00+00:00,1.90,062d6eac10b97c9f
2019-12-26,2019-12-27,2019-12-28T22:00:00+00:00,1.90,181fb6fe8a86a4f1
2019-12-27,2019-12-30,2019-12-31T22:00:00+00:00,1.88,ed4b990ca1e6f99b
2019-12-30,2019-12-31,2020-01-01T22:00:00+00:00,1.90,a325b27ad22280e0
2019-12-31,2020-01-02,2020-01-03T22:00:00+00:00,1.92,d27ee314c952e68c
2020-01-02,2020-01-03,2020-01-04T22:00:00+00:00,1.88,edf6346b8aad5e22
2020-01-03,2020-01-06,2020-01-07T22:00:00+00:00,1.80,5f366e7ff8b27819
2020-01-06,2020-01-07,2020-01-08T22:00:00+00:00,1.81,b64625bc48efc942
2020-01-07,2020-01-08,2020-01-09T22:00:00+00:00,1.83,7187fa2cf1d52f42
2020-01-08,2020-01-09,2020-01-10T22:00:00+00:00,1.87,9255a75031cf4bba
2020-01-09,2020-01-10,2020-01-11T22:00:00+00:00,1.85,2dc55db0159813d3
2020-01-10,2020-01-13,2020-01-14T22:00:00+00:00,1.83,f4e3f69067addbbd
2020-01-13,2020-01-14,2020-01-15T22:00:00+00:00,1.85,c7120b3b1b008a53
2020-01-14,2020-01-15,2020-01-16T22:00:00+00:00,1.82,c60e5602019982be
2020-01-15,2020-01-16,2020-01-17T22:00:00+00:00,1.79,7c947ce9b9ae8bb5
2020-01-16,2020-01-17,2020-01-18T22:00:00+00:00,1.81,868965be26091d93
2020-01-17,2020-01-21,2020-01-22T22:00:00+00:00,1.84,4cb41e033d5b5caf
2020-01-21,2020-01-22,2020-01-23T22:00:00+00:00,1.78,49f0fc40ea973b80
2020-01-22,2020-01-23,2020-01-24T22:00:00+00:00,1.77,da34db656a15b68d
2020-01-23,2020-01-24,2020-01-25T22:00:00+00:00,1.74,a01af147a45b2050
2020-01-24,2020-01-27,2020-01-28T22:00:00+00:00,1.70,b825b1d6a9f127e5
2020-01-27,2020-01-28,2020-01-29T22:00:00+00:00,1.61,5084db8279536714
2020-01-28,2020-01-29,2020-01-30T22:00:00+00:00,1.65,8f65914739431543
2020-01-29,2020-01-30,2020-01-31T22:00:00+00:00,1.60,57df1d32e4908378
2020-01-30,2020-01-31,2020-02-01T22:00:00+00:00,1.57,ee623321c54c7e9d
2020-01-31,2020-02-03,2020-02-04T22:00:00+00:00,1.51,c8fad0dd2a622a46
2020-02-03,2020-02-04,2020-02-05T22:00:00+00:00,1.54,ada46f8c7796854d
2020-02-04,2020-02-05,2020-02-06T22:00:00+00:00,1.61,fd70767613f331aa
2020-02-05,2020-02-06,2020-02-07T22:00:00+00:00,1.66,74e7ce5da96ee037
2020-02-06,2020-02-07,2020-02-08T22:00:00+00:00,1.65,8e37c65d37022591
2020-02-07,2020-02-10,2020-02-11T22:00:00+00:00,1.59,19493f29a09e25b2
2020-02-10,2020-02-11,2020-02-12T22:00:00+00:00,1.56,9ce326e45ec96cb5
2020-02-11,2020-02-12,2020-02-13T22:00:00+00:00,1.59,9b69ccb63903e711
2020-02-12,2020-02-13,2020-02-14T22:00:00+00:00,1.62,c4aa403b09942b3e
2020-02-13,2020-02-14,2020-02-15T22:00:00+00:00,1.61,612fb248571ea3ed
2020-02-14,2020-02-18,2020-02-19T22:00:00+00:00,1.59,14d1fb3213f7d26e
2020-02-18,2020-02-19,2020-02-20T22:00:00+00:00,1.55,deaeee3b20096357
2020-02-19,2020-02-20,2020-02-21T22:00:00+00:00,1.56,d405a8dfd7c6da08
2020-02-20,2020-02-21,2020-02-22T22:00:00+00:00,1.52,64a5f7a05dacfe07
2020-02-21,2020-02-24,2020-02-25T22:00:00+00:00,1.46,4db15103497457b2
2020-02-24,2020-02-25,2020-02-26T22:00:00+00:00,1.38,ccf95c98a790762e
2020-02-25,2020-02-26,2020-02-27T22:00:00+00:00,1.33,65dba7d1938aafc9
2020-02-26,2020-02-27,2020-02-28T22:00:00+00:00,1.33,a0709b3e08e21b37
2020-02-27,2020-02-28,2020-02-29T22:00:00+00:00,1.30,3ca5b3b6e48f15cb
2020-02-28,2020-03-02,2020-03-03T22:00:00+00:00,1.13,38f69b860c16353a
2020-03-02,2020-03-03,2020-03-04T22:00:00+00:00,1.10,805ca13db8cef545
2020-03-03,2020-03-04,2020-03-05T22:00:00+00:00,1.02,c953e6ae15305997
2020-03-04,2020-03-05,2020-03-06T22:00:00+00:00,1.02,7d6b8b589d198a90
2020-03-05,2020-03-06,2020-03-07T22:00:00+00:00,0.92,c12221eaf04758eb
2020-03-06,2020-03-09,2020-03-10T22:00:00+00:00,0.74,e31b9d27f2574722
2020-03-09,2020-03-10,2020-03-11T22:00:00+00:00,0.54,4b7759df8692e07e
2020-03-10,2020-03-11,2020-03-12T22:00:00+00:00,0.76,baf3ac2d6c8d90ba
2020-03-11,2020-03-12,2020-03-13T22:00:00+00:00,0.82,28fc31f0f9731cd2
2020-03-12,2020-03-13,2020-03-14T22:00:00+00:00,0.88,eaa330a8dac44388
2020-03-13,2020-03-16,2020-03-17T22:00:00+00:00,0.94,484883401ef461b2
2020-03-16,2020-03-17,2020-03-18T22:00:00+00:00,0.73,81b9a6adae6243a0
2020-03-17,2020-03-18,2020-03-19T22:00:00+00:00,1.02,ff032af6d0c1b0da
2020-03-18,2020-03-19,2020-03-20T22:00:00+00:00,1.18,fb07d5b3e9e31c89
2020-03-19,2020-03-20,2020-03-21T22:00:00+00:00,1.12,fa9611eaa7b2c4d6
2020-03-20,2020-03-23,2020-03-24T22:00:00+00:00,0.92,6e1bcbde84cc1dc3
2020-03-23,2020-03-24,2020-03-25T22:00:00+00:00,0.76,974a4fdf63f231b4
2020-03-24,2020-03-25,2020-03-26T22:00:00+00:00,0.84,263e4c42bb586dfc
2020-03-25,2020-03-26,2020-03-27T22:00:00+00:00,0.88,128ae2053152f797
2020-03-26,2020-03-27,2020-03-28T22:00:00+00:00,0.83,5fc10b5ee0833e94
2020-03-27,2020-03-30,2020-03-31T22:00:00+00:00,0.72,fa424cdc65b53787
2020-03-30,2020-03-31,2020-04-01T22:00:00+00:00,0.70,544e8abadf6d85eb
2020-03-31,2020-04-01,2020-04-02T22:00:00+00:00,0.70,de8cf2f06651ffba
2020-04-01,2020-04-02,2020-04-03T22:00:00+00:00,0.62,38365d587f762420
2020-04-02,2020-04-03,2020-04-04T22:00:00+00:00,0.63,fa6ff93bcc4e08a1
2020-04-03,2020-04-06,2020-04-07T22:00:00+00:00,0.62,a6bb9c01f7037a2d
2020-04-06,2020-04-07,2020-04-08T22:00:00+00:00,0.67,0a07b50917aeaa9a
2020-04-07,2020-04-08,2020-04-09T22:00:00+00:00,0.75,4179d7b183856d19
2020-04-08,2020-04-09,2020-04-10T22:00:00+00:00,0.77,b6b7214feac1b2b5
2020-04-09,2020-04-13,2020-04-14T22:00:00+00:00,0.73,9f1e87b0d805b751
2020-04-13,2020-04-14,2020-04-15T22:00:00+00:00,0.76,c46dbed66cb74f24
2020-04-14,2020-04-15,2020-04-16T22:00:00+00:00,0.76,0a58e5f29c366fe0
2020-04-15,2020-04-16,2020-04-17T22:00:00+00:00,0.63,8d0482322aef6baa
2020-04-16,2020-04-17,2020-04-18T22:00:00+00:00,0.61,a82145d0a764645c
2020-04-17,2020-04-20,2020-04-21T22:00:00+00:00,0.65,faf4d72f2dd51a90
2020-04-20,2020-04-21,2020-04-22T22:00:00+00:00,0.63,6c52be4a93078261
2020-04-21,2020-04-22,2020-04-23T22:00:00+00:00,0.58,59531923bc9c3206
2020-04-22,2020-04-23,2020-04-24T22:00:00+00:00,0.63,50d55d7cb1fd753a
2020-04-23,2020-04-24,2020-04-25T22:00:00+00:00,0.61,54cac296ff5b8142
2020-04-24,2020-04-27,2020-04-28T22:00:00+00:00,0.60,63065c33c8d2cbcf
2020-04-27,2020-04-28,2020-04-29T22:00:00+00:00,0.67,f18fea5590930197
2020-04-28,2020-04-29,2020-04-30T22:00:00+00:00,0.62,3176204191ff8caa
2020-04-29,2020-04-30,2020-05-01T22:00:00+00:00,0.63,af4264307a160fcc
2020-04-30,2020-05-01,2020-05-02T22:00:00+00:00,0.64,34da9f177086bf75
2020-05-01,2020-05-04,2020-05-05T22:00:00+00:00,0.64,268265d6c1417e9c
2020-05-04,2020-05-05,2020-05-06T22:00:00+00:00,0.64,e5f8dcb0709d1acf
2020-05-05,2020-05-06,2020-05-07T22:00:00+00:00,0.66,4a89f784e41aeaba
2020-05-06,2020-05-07,2020-05-08T22:00:00+00:00,0.72,752fa3bf437b2595
2020-05-07,2020-05-08,2020-05-09T22:00:00+00:00,0.63,a5cb56ca7bbcadc3
2020-05-08,2020-05-11,2020-05-12T22:00:00+00:00,0.69,ffbac675148ae619
2020-05-11,2020-05-12,2020-05-13T22:00:00+00:00,0.73,617acecc15e072fd
2020-05-12,2020-05-13,2020-05-14T22:00:00+00:00,0.69,1e4b7b43e3fa1fd5
2020-05-13,2020-05-14,2020-05-15T22:00:00+00:00,0.64,15f605c8c4ac2dcd
2020-05-14,2020-05-15,2020-05-16T22:00:00+00:00,0.63,341491c6702eb9b1
2020-05-15,2020-05-18,2020-05-19T22:00:00+00:00,0.64,41018bf26a027a1a
2020-05-18,2020-05-19,2020-05-20T22:00:00+00:00,0.73,0ac78db8e277ab24
2020-05-19,2020-05-20,2020-05-21T22:00:00+00:00,0.70,ec408d5e86b99510
2020-05-20,2020-05-21,2020-05-22T22:00:00+00:00,0.68,672c7e3c0a4dd37c
2020-05-21,2020-05-22,2020-05-23T22:00:00+00:00,0.68,4f30651c8750dd54
2020-05-22,2020-05-26,2020-05-27T22:00:00+00:00,0.66,1e2e8ec3c3d61d4b
2020-05-26,2020-05-27,2020-05-28T22:00:00+00:00,0.69,af8dcfa0407997d4
2020-05-27,2020-05-28,2020-05-29T22:00:00+00:00,0.68,c019f4917b31847b
2020-05-28,2020-05-29,2020-05-30T22:00:00+00:00,0.70,220c5419e088c1ab
2020-05-29,2020-06-01,2020-06-02T22:00:00+00:00,0.65,f90ce61560caba91
2020-06-01,2020-06-02,2020-06-03T22:00:00+00:00,0.66,0597f0f7892510f7
2020-06-02,2020-06-03,2020-06-04T22:00:00+00:00,0.68,eb9e515808f9627a
2020-06-03,2020-06-04,2020-06-05T22:00:00+00:00,0.77,9f91a56912be2278
2020-06-04,2020-06-05,2020-06-06T22:00:00+00:00,0.82,0772656f9d469bea
2020-06-05,2020-06-08,2020-06-09T22:00:00+00:00,0.91,24a8e1d7034c16d1
2020-06-08,2020-06-09,2020-06-10T22:00:00+00:00,0.88,f6238c096d621170
2020-06-09,2020-06-10,2020-06-11T22:00:00+00:00,0.84,69c235be780ec6a9
2020-06-10,2020-06-11,2020-06-12T22:00:00+00:00,0.75,e2bf4b12ea16295a
2020-06-11,2020-06-12,2020-06-13T22:00:00+00:00,0.66,2e9eb81533fd9bba
2020-06-12,2020-06-15,2020-06-16T22:00:00+00:00,0.71,c4fa0f934113d699
2020-06-15,2020-06-16,2020-06-17T22:00:00+00:00,0.71,ae99a3049f1c5d77
2020-06-16,2020-06-17,2020-06-18T22:00:00+00:00,0.75,39a8577c12bc0994
2020-06-17,2020-06-18,2020-06-19T22:00:00+00:00,0.74,193f7224f88be366
2020-06-18,2020-06-19,2020-06-20T22:00:00+00:00,0.71,ac33dadc8e557280
2020-06-19,2020-06-22,2020-06-23T22:00:00+00:00,0.70,4a24d5fbd8b405d2
2020-06-22,2020-06-23,2020-06-24T22:00:00+00:00,0.71,4f991fc7398ef4b5
2020-06-23,2020-06-24,2020-06-25T22:00:00+00:00,0.72,945cc804cf16e2a3
2020-06-24,2020-06-25,2020-06-26T22:00:00+00:00,0.69,18deefc566ecda8d
2020-06-25,2020-06-26,2020-06-27T22:00:00+00:00,0.68,f05aa4d72d53b9de
2020-06-26,2020-06-29,2020-06-30T22:00:00+00:00,0.64,b2dc090a6eb4b507
2020-06-29,2020-06-30,2020-07-01T22:00:00+00:00,0.64,1b6db2ad762b1b63
2020-06-30,2020-07-01,2020-07-02T22:00:00+00:00,0.66,32890f902960c965
2020-07-01,2020-07-02,2020-07-03T22:00:00+00:00,0.69,6db04cf24bb84294
2020-07-02,2020-07-06,2020-07-07T22:00:00+00:00,0.68,6171365914df2032
2020-07-06,2020-07-07,2020-07-08T22:00:00+00:00,0.69,653185ebba5e2d5f
2020-07-07,2020-07-08,2020-07-09T22:00:00+00:00,0.65,e790587ac8202f6f
2020-07-08,2020-07-09,2020-07-10T22:00:00+00:00,0.67,8646c373e1da2840
2020-07-09,2020-07-10,2020-07-11T22:00:00+00:00,0.62,8822f5115adba8cc
2020-07-10,2020-07-13,2020-07-14T22:00:00+00:00,0.65,9ad3ed77646fd158
2020-07-13,2020-07-14,2020-07-15T22:00:00+00:00,0.64,56b047cc09c49a20
2020-07-14,2020-07-15,2020-07-16T22:00:00+00:00,0.63,0d8c7cc80337eebf
2020-07-15,2020-07-16,2020-07-17T22:00:00+00:00,0.64,3a2361f19518d328
2020-07-16,2020-07-17,2020-07-18T22:00:00+00:00,0.62,06cf6ec19f05d3e5
2020-07-17,2020-07-20,2020-07-21T22:00:00+00:00,0.64,69bc2453c0e4dfa0
2020-07-20,2020-07-21,2020-07-22T22:00:00+00:00,0.62,2f0ad2ceb3f1b393
2020-07-21,2020-07-22,2020-07-23T22:00:00+00:00,0.61,800e0c85e26e4a5f
2020-07-22,2020-07-23,2020-07-24T22:00:00+00:00,0.60,97d3e863e58d272b
2020-07-23,2020-07-24,2020-07-25T22:00:00+00:00,0.59,056a849e27d7a95e
2020-07-24,2020-07-27,2020-07-28T22:00:00+00:00,0.59,394012b48d7604fe
2020-07-27,2020-07-28,2020-07-29T22:00:00+00:00,0.62,70914550cf72560b
2020-07-28,2020-07-29,2020-07-30T22:00:00+00:00,0.59,0efdeb3b9bcbbdbf
2020-07-29,2020-07-30,2020-07-31T22:00:00+00:00,0.58,32a70b3fa82b2dc1
2020-07-30,2020-07-31,2020-08-01T22:00:00+00:00,0.55,69e4c88e38820464
2020-07-31,2020-08-03,2020-08-04T22:00:00+00:00,0.55,f4a1ee7ed71b1c1e
2020-08-03,2020-08-04,2020-08-05T22:00:00+00:00,0.56,857d92f7f41ef42a
2020-08-04,2020-08-05,2020-08-06T22:00:00+00:00,0.52,94b4bf19190a17f0
2020-08-05,2020-08-06,2020-08-07T22:00:00+00:00,0.55,d873409f8f2e39fb
2020-08-06,2020-08-07,2020-08-08T22:00:00+00:00,0.55,1c9fde7af3a9b527
2020-08-07,2020-08-10,2020-08-11T22:00:00+00:00,0.57,4bf1a4daedbe340b
2020-08-10,2020-08-11,2020-08-12T22:00:00+00:00,0.59,f67e9b41c7c1e607
2020-08-11,2020-08-12,2020-08-13T22:00:00+00:00,0.64,a5b0f49126a830c1
2020-08-12,2020-08-13,2020-08-14T22:00:00+00:00,0.69,7dcf7b7fc95122b2
2020-08-13,2020-08-14,2020-08-15T22:00:00+00:00,0.71,68eef832deb65cf6
2020-08-14,2020-08-17,2020-08-18T22:00:00+00:00,0.71,904cef003da86152
2020-08-17,2020-08-18,2020-08-19T22:00:00+00:00,0.69,550362a5f0013895
2020-08-18,2020-08-19,2020-08-20T22:00:00+00:00,0.67,4bf3d5dd65d8dd68
2020-08-20,2020-08-21,2020-08-22T22:00:00+00:00,0.65,7e622f86dbf258b1
2020-08-21,2020-08-24,2020-08-25T22:00:00+00:00,0.64,63a06f9334284fed
2020-08-19,2020-08-25,2020-08-26T22:00:00+00:00,0.68,e4fd05a88f6e6f45
2020-08-24,2020-08-25,2020-08-26T22:00:00+00:00,0.65,e4fd05a88f6e6f45
2020-08-25,2020-08-26,2020-08-27T22:00:00+00:00,0.69,b31a6aa207579cff
2020-08-26,2020-08-27,2020-08-28T22:00:00+00:00,0.69,d6ff36504dcd50a2
2020-08-27,2020-08-28,2020-08-29T22:00:00+00:00,0.74,913755afc0f08dc7
2020-08-28,2020-08-31,2020-09-01T22:00:00+00:00,0.74,4bffc1315e8a9e4d
2020-08-31,2020-09-01,2020-09-02T22:00:00+00:00,0.72,3f4e3476fb65f17d
2020-09-01,2020-09-02,2020-09-03T22:00:00+00:00,0.68,8d532d61c0ecd441
2020-09-02,2020-09-03,2020-09-04T22:00:00+00:00,0.66,5c6ae840db382b86
2020-09-03,2020-09-04,2020-09-05T22:00:00+00:00,0.63,9afe82fd7d5acf18
2020-09-04,2020-09-08,2020-09-09T22:00:00+00:00,0.72,bf35190968c5f072
2020-09-08,2020-09-09,2020-09-10T22:00:00+00:00,0.69,9269e522fae99f31
2020-09-09,2020-09-10,2020-09-11T22:00:00+00:00,0.71,d8b26512b3fbe8d1
2020-09-10,2020-09-11,2020-09-12T22:00:00+00:00,0.68,d5149269146187e3
2020-09-11,2020-09-14,2020-09-15T22:00:00+00:00,0.67,43f362ea55f5529f
2020-09-14,2020-09-15,2020-09-16T22:00:00+00:00,0.68,ab02a2a027c0b1f2
2020-09-15,2020-09-16,2020-09-17T22:00:00+00:00,0.68,f4c145236b40f240
2020-09-16,2020-09-17,2020-09-18T22:00:00+00:00,0.69,21fe8c0cb306bd76
2020-09-17,2020-09-18,2020-09-19T22:00:00+00:00,0.69,3ecc9f7500027f8c
2020-09-18,2020-09-21,2020-09-22T22:00:00+00:00,0.70,17c6b8c0385fc7c1
2020-09-21,2020-09-22,2020-09-23T22:00:00+00:00,0.68,bd354fcf453cea40
2020-09-22,2020-09-23,2020-09-24T22:00:00+00:00,0.68,ab0e792e51b0b9d3
2020-09-23,2020-09-24,2020-09-25T22:00:00+00:00,0.68,9737ecff3fda8a19
2020-09-24,2020-09-25,2020-09-26T22:00:00+00:00,0.67,3cc8ba2fe5488f69
2020-09-25,2020-09-28,2020-09-29T22:00:00+00:00,0.66,6a6b8f008b44f4b0
2020-09-28,2020-09-29,2020-09-30T22:00:00+00:00,0.67,122dbed66c235ed2
2020-09-29,2020-09-30,2020-10-01T22:00:00+00:00,0.66,d394943fb881f5f1
2020-09-30,2020-10-01,2020-10-02T22:00:00+00:00,0.69,cd9537814f950c34
2020-10-01,2020-10-02,2020-10-03T22:00:00+00:00,0.68,782f8ae30a68e277
2020-10-02,2020-10-05,2020-10-06T22:00:00+00:00,0.70,8470eb219afc20f1
2020-10-05,2020-10-06,2020-10-07T22:00:00+00:00,0.78,0ddd47dfeda73266
2020-10-06,2020-10-07,2020-10-08T22:00:00+00:00,0.76,1972cd41972ccc83
2020-10-07,2020-10-08,2020-10-09T22:00:00+00:00,0.81,d03726d69a8594c0
2020-10-08,2020-10-09,2020-10-10T22:00:00+00:00,0.78,47538b5892d19044
2020-10-09,2020-10-13,2020-10-14T22:00:00+00:00,0.79,3f43ec0fd882bee8
2020-10-13,2020-10-14,2020-10-15T22:00:00+00:00,0.74,b459d7551a457da5
2020-10-14,2020-10-15,2020-10-16T22:00:00+00:00,0.73,293338762618f3cf
2020-10-15,2020-10-16,2020-10-17T22:00:00+00:00,0.74,5c3d86ef73afc899
2020-10-16,2020-10-19,2020-10-20T22:00:00+00:00,0.76,62681ceec9b6e66e
2020-10-19,2020-10-20,2020-10-21T22:00:00+00:00,0.78,be78ea221fc5ca2b
2020-10-20,2020-10-21,2020-10-22T22:00:00+00:00,0.81,cf1dc2f3eb72f6cd
2020-10-21,2020-10-22,2020-10-23T22:00:00+00:00,0.83,9a578ac6c9e87649
2020-10-22,2020-10-23,2020-10-24T22:00:00+00:00,0.87,dfc1e2b8aee9ff92
2020-10-23,2020-10-26,2020-10-27T22:00:00+00:00,0.85,2956ac215a1a1a7c
2020-10-26,2020-10-27,2020-10-28T22:00:00+00:00,0.81,619d553afe05269f
2020-10-27,2020-10-28,2020-10-29T22:00:00+00:00,0.79,3bf1d41a773b48b6
2020-10-28,2020-10-29,2020-10-30T22:00:00+00:00,0.79,0c1c5234520e15bc
2020-10-29,2020-10-30,2020-10-31T22:00:00+00:00,0.85,9e8652122af33fcf
2020-10-30,2020-11-02,2020-11-03T22:00:00+00:00,0.88,3085d3522555aaf6
2020-11-02,2020-11-03,2020-11-04T22:00:00+00:00,0.87,7f4cf05254c435b5
2020-11-03,2020-11-04,2020-11-05T22:00:00+00:00,0.90,75055df048c7acc8
2020-11-04,2020-11-05,2020-11-06T22:00:00+00:00,0.78,c29ef3debd964f53
2020-11-05,2020-11-06,2020-11-07T22:00:00+00:00,0.79,ddd00922e37f0533
2020-11-06,2020-11-09,2020-11-10T22:00:00+00:00,0.83,4415bbfee1c71913
2020-11-09,2020-11-10,2020-11-11T22:00:00+00:00,0.96,695e1de617ae2cab
2020-11-10,2020-11-12,2020-11-13T22:00:00+00:00,0.98,ec55d57f5f99d532
2020-11-12,2020-11-13,2020-11-14T22:00:00+00:00,0.88,3f0f165a35825325
2020-11-13,2020-11-16,2020-11-17T22:00:00+00:00,0.89,a523902b354b9e67
2020-11-16,2020-11-17,2020-11-18T22:00:00+00:00,0.91,8c60341dab14ea03
2020-11-17,2020-11-18,2020-11-19T22:00:00+00:00,0.87,c7796336e5b3ee8f
2020-11-18,2020-11-19,2020-11-20T22:00:00+00:00,0.88,c0348fceb4fd4fcc
2020-11-19,2020-11-20,2020-11-21T22:00:00+00:00,0.86,f73789281b465903
2020-11-20,2020-11-23,2020-11-24T22:00:00+00:00,0.83,80dc46f09a7cfce6
2020-11-23,2020-11-24,2020-11-25T22:00:00+00:00,0.86,9453b6510f886bad
2020-11-24,2020-11-25,2020-11-26T22:00:00+00:00,0.88,8b0e724be7f0a054
2020-11-25,2020-11-27,2020-11-28T22:00:00+00:00,0.88,5c19a448125d8911
2020-11-27,2020-11-30,2020-12-01T22:00:00+00:00,0.84,795f097c8f149e39
2020-11-30,2020-12-01,2020-12-02T22:00:00+00:00,0.84,9b6c838e345c5a48
2020-12-01,2020-12-02,2020-12-03T22:00:00+00:00,0.92,031958f9d1dc6fa6
2020-12-02,2020-12-03,2020-12-04T22:00:00+00:00,0.95,b909808413dac296
2020-12-03,2020-12-04,2020-12-05T22:00:00+00:00,0.92,048db316e4b41e17
2020-12-04,2020-12-07,2020-12-08T22:00:00+00:00,0.97,2f581ad3496dd337
2020-12-07,2020-12-08,2020-12-09T22:00:00+00:00,0.94,0f5182388c0f4b37
2020-12-08,2020-12-09,2020-12-10T22:00:00+00:00,0.92,05d73ea3c9ad2658
2020-12-09,2020-12-10,2020-12-11T22:00:00+00:00,0.95,d03424457e0f58eb
2020-12-10,2020-12-11,2020-12-12T22:00:00+00:00,0.92,728196adf361c102
2020-12-11,2020-12-14,2020-12-15T22:00:00+00:00,0.90,034c77661497a92f
2020-12-14,2020-12-15,2020-12-16T22:00:00+00:00,0.90,4e6e87248ce21fb7
2020-12-15,2020-12-16,2020-12-17T22:00:00+00:00,0.92,eed8b903231b5183
2020-12-16,2020-12-17,2020-12-18T22:00:00+00:00,0.92,f60bf00096f04094
2020-12-17,2020-12-18,2020-12-19T22:00:00+00:00,0.94,afb55aaeea9e628f
2020-12-18,2020-12-21,2020-12-22T22:00:00+00:00,0.95,97b280321f70b76e
2020-12-21,2020-12-22,2020-12-23T22:00:00+00:00,0.95,0ff14e8740e932ce
2020-12-22,2020-12-23,2020-12-24T22:00:00+00:00,0.93,e1254647d4d36c37
2020-12-23,2020-12-28,2020-12-29T22:00:00+00:00,0.96,4d85f45248e11785
2020-12-24,2020-12-28,2020-12-29T22:00:00+00:00,0.94,4d85f45248e11785
2020-12-28,2020-12-29,2020-12-30T22:00:00+00:00,0.94,ced5e4126647ad5d
2020-12-29,2020-12-30,2020-12-31T22:00:00+00:00,0.94,e8caa11a6e9ee430
2020-12-30,2020-12-31,2021-01-01T22:00:00+00:00,0.93,7d2835a855c33ace
2020-12-31,2021-01-04,2021-01-05T22:00:00+00:00,0.93,627d6181c4bf9a60
2021-01-04,2021-01-05,2021-01-06T22:00:00+00:00,0.93,daaa4fe26d86e1a4
2021-01-05,2021-01-06,2021-01-07T22:00:00+00:00,0.96,75d41f65b3e6dc18
2021-01-06,2021-01-07,2021-01-08T22:00:00+00:00,1.04,cd88e79d11440266
2021-01-07,2021-01-08,2021-01-09T22:00:00+00:00,1.08,3a6c2e206b717d23
2021-01-08,2021-01-11,2021-01-12T22:00:00+00:00,1.13,62d8e8176d4533f2
2021-01-11,2021-01-12,2021-01-13T22:00:00+00:00,1.15,95a31db3a64694aa
2021-01-12,2021-01-13,2021-01-14T22:00:00+00:00,1.15,a7385395e4b2a2b6
2021-01-13,2021-01-14,2021-01-15T22:00:00+00:00,1.10,3e44bfdfb9531ace
2021-01-14,2021-01-15,2021-01-16T22:00:00+00:00,1.15,7f53ad1b1c4ecb2c
2021-01-15,2021-01-19,2021-01-20T22:00:00+00:00,1.11,d234311c2f2a16c6
2021-01-19,2021-01-21,2021-01-22T22:00:00+00:00,1.10,baf9cc354477920d
2021-01-20,2021-01-21,2021-01-22T22:00:00+00:00,1.10,baf9cc354477920d
2021-01-21,2021-01-22,2021-01-23T22:00:00+00:00,1.12,0df66d29351afd63
2021-01-22,2021-01-25,2021-01-26T22:00:00+00:00,1.10,7dc8d78a47a6433a
2021-01-25,2021-01-26,2021-01-27T22:00:00+00:00,1.05,648afd741a6ce3a3
2021-01-26,2021-01-27,2021-01-28T22:00:00+00:00,1.05,58166b8a17955031
2021-01-27,2021-01-28,2021-01-29T22:00:00+00:00,1.04,65264436836117c8
2021-01-28,2021-01-29,2021-01-30T22:00:00+00:00,1.07,64aacf788646fe57
2021-01-29,2021-02-01,2021-02-02T22:00:00+00:00,1.11,db3fe0e1869939e2
2021-02-01,2021-02-02,2021-02-03T22:00:00+00:00,1.09,66aa20fba1bfde1b
2021-02-02,2021-02-03,2021-02-04T22:00:00+00:00,1.12,ee63bea02b78b1ce
2021-02-03,2021-02-04,2021-02-05T22:00:00+00:00,1.15,e6992df2cbee5550
2021-02-04,2021-02-05,2021-02-06T22:00:00+00:00,1.15,78e7e2a600d31934
2021-02-05,2021-02-08,2021-02-09T22:00:00+00:00,1.19,a09fad3f12488ce7
2021-02-08,2021-02-09,2021-02-10T22:00:00+00:00,1.19,5217c3e4edda9af7
2021-02-09,2021-02-10,2021-02-11T22:00:00+00:00,1.18,6f986804d0ca1178
2021-02-10,2021-02-11,2021-02-12T22:00:00+00:00,1.15,1270d0eaaec555da
2021-02-11,2021-02-12,2021-02-13T22:00:00+00:00,1.16,4ff2c2188d99c5ac
2021-02-12,2021-02-16,2021-02-17T22:00:00+00:00,1.20,61c39ccd4b174b7f
2021-02-16,2021-02-17,2021-02-18T22:00:00+00:00,1.30,0d55453929fddee0
2021-02-17,2021-02-18,2021-02-19T22:00:00+00:00,1.29,a885fc857eaa6c6e
2021-02-18,2021-02-19,2021-02-20T22:00:00+00:00,1.29,8a785b5ea04681a9
2021-02-19,2021-02-22,2021-02-23T22:00:00+00:00,1.34,7dc8a9a85166db34
2021-02-22,2021-02-23,2021-02-24T22:00:00+00:00,1.37,4f19002615ae891c
2021-02-23,2021-02-24,2021-02-25T22:00:00+00:00,1.37,7ce3bae3cd35b91c
2021-02-24,2021-02-25,2021-02-26T22:00:00+00:00,1.38,381a0940163091d6
2021-02-25,2021-02-26,2021-02-27T22:00:00+00:00,1.54,57dca1ce2ddd7d8d
2021-02-26,2021-03-01,2021-03-02T22:00:00+00:00,1.44,0b664238f706b214
2021-03-01,2021-03-02,2021-03-03T22:00:00+00:00,1.45,bb60515b4e2570f4
2021-03-02,2021-03-03,2021-03-04T22:00:00+00:00,1.42,f266ba9602a881f7
2021-03-03,2021-03-04,2021-03-05T22:00:00+00:00,1.47,3155057d636d1521
2021-03-04,2021-03-05,2021-03-06T22:00:00+00:00,1.54,ce20296c0c940c89
2021-03-05,2021-03-08,2021-03-09T22:00:00+00:00,1.56,69c81ee12671a9a5
2021-03-08,2021-03-09,2021-03-10T22:00:00+00:00,1.59,c5d090d354b210af
2021-03-09,2021-03-10,2021-03-11T22:00:00+00:00,1.55,71d3f9a054e8496e
2021-03-10,2021-03-11,2021-03-12T22:00:00+00:00,1.53,3598664107c3c9bc
2021-03-11,2021-03-12,2021-03-13T22:00:00+00:00,1.54,8d1e00bb12305feb
2021-03-12,2021-03-15,2021-03-16T22:00:00+00:00,1.64,b8b8255d7979ce4f
2021-03-15,2021-03-16,2021-03-17T22:00:00+00:00,1.62,c5d95e1b7df1b33f
2021-03-16,2021-03-17,2021-03-18T22:00:00+00:00,1.62,cd19f581c0fc28c5
2021-03-17,2021-03-18,2021-03-19T22:00:00+00:00,1.63,4549ebd959e3328b
2021-03-18,2021-03-19,2021-03-20T22:00:00+00:00,1.71,60c9f6dc47cbb3f2
2021-03-19,2021-03-22,2021-03-23T22:00:00+00:00,1.74,66b272f12d2b6ebc
2021-03-22,2021-03-23,2021-03-24T22:00:00+00:00,1.69,e4516c26c4c0aac8
2021-03-23,2021-03-24,2021-03-25T22:00:00+00:00,1.63,28356b22fd74156a
2021-03-24,2021-03-25,2021-03-26T22:00:00+00:00,1.62,1ec919cedf6ad92f
2021-03-25,2021-03-26,2021-03-27T22:00:00+00:00,1.63,914d9953d3f3077d
2021-03-26,2021-03-29,2021-03-30T22:00:00+00:00,1.67,61a22a913201e238
2021-03-29,2021-03-30,2021-03-31T22:00:00+00:00,1.73,ea119d50590f50d8
2021-03-30,2021-03-31,2021-04-01T22:00:00+00:00,1.73,95c498f262bd145c
2021-03-31,2021-04-01,2021-04-02T22:00:00+00:00,1.74,daa6df42757c583f
2021-04-01,2021-04-05,2021-04-06T22:00:00+00:00,1.69,c45c18f9144320eb
2021-04-02,2021-04-05,2021-04-06T22:00:00+00:00,1.72,c45c18f9144320eb
2021-04-05,2021-04-06,2021-04-07T22:00:00+00:00,1.73,3457f394345aecae
2021-04-06,2021-04-07,2021-04-08T22:00:00+00:00,1.67,07e04b30cf3a1419
2021-04-07,2021-04-08,2021-04-09T22:00:00+00:00,1.68,d987679a893f09e6
2021-04-08,2021-04-09,2021-04-10T22:00:00+00:00,1.64,53a2812cedf1bffb
2021-04-09,2021-04-12,2021-04-13T22:00:00+00:00,1.67,b5d3c714f9320990
2021-04-12,2021-04-13,2021-04-14T22:00:00+00:00,1.69,10a5b26564215814
2021-04-13,2021-04-14,2021-04-15T22:00:00+00:00,1.64,824e11b99f120074
2021-04-14,2021-04-15,2021-04-16T22:00:00+00:00,1.64,15112b8436ba0daa
2021-04-15,2021-04-16,2021-04-17T22:00:00+00:00,1.56,c031ad8077dd575c
2021-04-16,2021-04-19,2021-04-20T22:00:00+00:00,1.59,da8d4e27404ffb49
2021-04-19,2021-04-20,2021-04-21T22:00:00+00:00,1.61,1d70343a2c32bd7b
2021-04-20,2021-04-21,2021-04-22T22:00:00+00:00,1.58,6253f062326fdc58
2021-04-21,2021-04-22,2021-04-23T22:00:00+00:00,1.57,49bdbb876c6d272c
2021-04-22,2021-04-23,2021-04-24T22:00:00+00:00,1.57,029fdefeb1bf41c3
2021-04-23,2021-04-26,2021-04-27T22:00:00+00:00,1.58,91be32567fec0aaa
2021-04-26,2021-04-27,2021-04-28T22:00:00+00:00,1.58,85c504d3cd9edc56
2021-04-27,2021-04-28,2021-04-29T22:00:00+00:00,1.63,7086008a86c70bf8
2021-04-28,2021-04-29,2021-04-30T22:00:00+00:00,1.63,2470716a0bf1f2c2
2021-04-29,2021-04-30,2021-05-01T22:00:00+00:00,1.65,f09f543ce9641666
2021-04-30,2021-05-03,2021-05-04T22:00:00+00:00,1.65,a37c702eae4cf682
2021-05-03,2021-05-04,2021-05-05T22:00:00+00:00,1.63,a63d484a13879ab7
2021-05-04,2021-05-05,2021-05-06T22:00:00+00:00,1.61,18b4d3fedeb4f49c
2021-05-05,2021-05-06,2021-05-07T22:00:00+00:00,1.59,52b87a575b8f7d45
2021-05-06,2021-05-07,2021-05-08T22:00:00+00:00,1.58,c7e36f038ef2d90c
2021-05-07,2021-05-10,2021-05-11T22:00:00+00:00,1.60,dcfe20684cd29e82
2021-05-10,2021-05-11,2021-05-12T22:00:00+00:00,1.63,5bb15341a2bcffbd
2021-05-11,2021-05-12,2021-05-13T22:00:00+00:00,1.64,559d9d0b0e32613b
2021-05-12,2021-05-13,2021-05-14T22:00:00+00:00,1.69,c0134f593d936fc6
2021-05-13,2021-05-14,2021-05-15T22:00:00+00:00,1.66,bc34b9a08aa854d6
2021-05-14,2021-05-17,2021-05-18T22:00:00+00:00,1.63,5076199e83f27fb2
2021-05-17,2021-05-18,2021-05-19T22:00:00+00:00,1.64,7bf28aa4444edf60
2021-05-18,2021-05-19,2021-05-20T22:00:00+00:00,1.64,f1083a8d68f8ff74
2021-05-19,2021-05-20,2021-05-21T22:00:00+00:00,1.68,3be4eff8ef881593
2021-05-20,2021-05-21,2021-05-22T22:00:00+00:00,1.63,dd9331ec76acb9ff
2021-05-21,2021-05-24,2021-05-25T22:00:00+00:00,1.63,d5083cd036d812b0
2021-05-24,2021-05-25,2021-05-26T22:00:00+00:00,1.61,f1fdb0dd7b6971a2
2021-05-25,2021-05-26,2021-05-27T22:00:00+00:00,1.56,a4f6d4e5b4b7a77a
2021-05-26,2021-05-27,2021-05-28T22:00:00+00:00,1.58,356a0b4e35472e17
2021-05-27,2021-05-28,2021-05-29T22:00:00+00:00,1.61,616a4e0fa9d6bf21
2021-05-28,2021-06-01,2021-06-02T22:00:00+00:00,1.58,43a182801093a2e1
2021-06-01,2021-06-02,2021-06-03T22:00:00+00:00,1.62,63dcd2fc19ebfb7e
2021-06-02,2021-06-03,2021-06-04T22:00:00+00:00,1.59,cf34214dd0ccf64c
2021-06-03,2021-06-04,2021-06-05T22:00:00+00:00,1.63,ec646a7d6ed72d17
2021-06-04,2021-06-07,2021-06-08T22:00:00+00:00,1.56,6b3a34d1d50810c7
2021-06-07,2021-06-08,2021-06-09T22:00:00+00:00,1.57,21cf3d990116acec
2021-06-08,2021-06-09,2021-06-10T22:00:00+00:00,1.53,1bc28366398f35a0
2021-06-09,2021-06-10,2021-06-11T22:00:00+00:00,1.50,26257bac5bc22e79
2021-06-10,2021-06-11,2021-06-12T22:00:00+00:00,1.45,7c1bdcf226c8e4bc
2021-06-11,2021-06-14,2021-06-15T22:00:00+00:00,1.47,fa40924c4470bd86
2021-06-14,2021-06-15,2021-06-16T22:00:00+00:00,1.51,477b98ec54d991a4
2021-06-15,2021-06-16,2021-06-17T22:00:00+00:00,1.51,6b56001fe633405c
2021-06-16,2021-06-17,2021-06-18T22:00:00+00:00,1.57,2c6694f8cf8f8e71
2021-06-17,2021-06-21,2021-06-22T22:00:00+00:00,1.52,b97ebbb5ed4e2963
2021-06-18,2021-06-21,2021-06-22T22:00:00+00:00,1.45,b97ebbb5ed4e2963
2021-06-21,2021-06-22,2021-06-23T22:00:00+00:00,1.50,2e1b82f67e934762
2021-06-22,2021-06-23,2021-06-24T22:00:00+00:00,1.48,03a3f999e49edd1e
2021-06-23,2021-06-24,2021-06-25T22:00:00+00:00,1.50,24a296443eb3fbad
2021-06-24,2021-06-25,2021-06-26T22:00:00+00:00,1.49,947e9462e9291b5a
2021-06-25,2021-06-28,2021-06-29T22:00:00+00:00,1.54,e3248d0ddf8a7302
2021-06-28,2021-06-29,2021-06-30T22:00:00+00:00,1.49,641bbc3c3956bfdc
2021-06-29,2021-06-30,2021-07-01T22:00:00+00:00,1.49,f7a45f206a97d94d
2021-06-30,2021-07-01,2021-07-02T22:00:00+00:00,1.45,4debec4c26292a7c
2021-07-01,2021-07-02,2021-07-03T22:00:00+00:00,1.48,a7b0641953be3e3b
2021-07-02,2021-07-06,2021-07-07T22:00:00+00:00,1.44,a8cfd1ed9b719208
2021-07-06,2021-07-07,2021-07-08T22:00:00+00:00,1.37,158e1bb7669f0450
2021-07-07,2021-07-08,2021-07-09T22:00:00+00:00,1.33,0c5070db482deac2
2021-07-08,2021-07-09,2021-07-10T22:00:00+00:00,1.30,294bc765f5bebd33
2021-07-09,2021-07-12,2021-07-13T22:00:00+00:00,1.37,11f64ad5f01d42fe
2021-07-12,2021-07-13,2021-07-14T22:00:00+00:00,1.38,ec49313ca5734509
2021-07-13,2021-07-14,2021-07-15T22:00:00+00:00,1.42,000a9ec0122a54c5
2021-07-14,2021-07-15,2021-07-16T22:00:00+00:00,1.37,1266811807aeff2c
2021-07-15,2021-07-16,2021-07-17T22:00:00+00:00,1.31,b788e9e0f540ff52
2021-07-16,2021-07-19,2021-07-20T22:00:00+00:00,1.31,4e92b18ee8848e7e
2021-07-19,2021-07-20,2021-07-21T22:00:00+00:00,1.19,f4336626ca33812c
2021-07-20,2021-07-21,2021-07-22T22:00:00+00:00,1.23,99cc3c4354c9637a
2021-07-21,2021-07-22,2021-07-23T22:00:00+00:00,1.30,24b1a7946f3ab28e
2021-07-22,2021-07-23,2021-07-24T22:00:00+00:00,1.27,34b25b1fea7f813d
2021-07-23,2021-07-26,2021-07-27T22:00:00+00:00,1.30,a8909651236992fe
2021-07-26,2021-07-27,2021-07-28T22:00:00+00:00,1.29,5ca005f44eaa3757
2021-07-27,2021-07-28,2021-07-29T22:00:00+00:00,1.25,5800588706497028
2021-07-28,2021-07-29,2021-07-30T22:00:00+00:00,1.26,bbee8b0a3a7ec4df
2021-07-29,2021-07-30,2021-07-31T22:00:00+00:00,1.28,98102b098fcef6a1
2021-07-30,2021-08-02,2021-08-03T22:00:00+00:00,1.24,9a0edfe6d1216bed
2021-08-02,2021-08-03,2021-08-04T22:00:00+00:00,1.20,bc150db28410559b
2021-08-03,2021-08-04,2021-08-05T22:00:00+00:00,1.19,2733edcb758c13cd
2021-08-04,2021-08-05,2021-08-06T22:00:00+00:00,1.19,807ffc8cc24c6f7e
2021-08-05,2021-08-06,2021-08-07T22:00:00+00:00,1.23,c51aeefbf2563919
2021-08-06,2021-08-09,2021-08-10T22:00:00+00:00,1.31,78c463c4f69059af
2021-08-09,2021-08-10,2021-08-11T22:00:00+00:00,1.33,184a7a0b588499bb
2021-08-10,2021-08-11,2021-08-12T22:00:00+00:00,1.36,3f3c6f5b81aa81d4
2021-08-11,2021-08-12,2021-08-13T22:00:00+00:00,1.35,db372bbf3d5c67a2
2021-08-12,2021-08-13,2021-08-14T22:00:00+00:00,1.36,71393ad3255bc6d4
2021-08-13,2021-08-16,2021-08-17T22:00:00+00:00,1.29,5df41a9759ea2d0e
2021-08-16,2021-08-17,2021-08-18T22:00:00+00:00,1.26,823c8579fd9096cf
2021-08-17,2021-08-18,2021-08-19T22:00:00+00:00,1.26,0b60bc34d9d9c852
2021-08-18,2021-08-19,2021-08-20T22:00:00+00:00,1.27,610f9f77609a4597
2021-08-19,2021-08-20,2021-08-21T22:00:00+00:00,1.24,4cef202f67dc74b8
2021-08-20,2021-08-23,2021-08-24T22:00:00+00:00,1.26,6393e6b282d6d60a
2021-08-23,2021-08-24,2021-08-25T22:00:00+00:00,1.25,d6ce251fabcbfc9a
2021-08-24,2021-08-25,2021-08-26T22:00:00+00:00,1.29,cb74f7313212d947
2021-08-25,2021-08-26,2021-08-27T22:00:00+00:00,1.35,5ae38d59f00d0838
2021-08-26,2021-08-27,2021-08-28T22:00:00+00:00,1.34,412266339e681a08
2021-08-27,2021-08-30,2021-08-31T22:00:00+00:00,1.31,33e8792e5df0b119
2021-08-30,2021-08-31,2021-09-01T22:00:00+00:00,1.29,75e2f56b2f6c9153
2021-08-31,2021-09-01,2021-09-02T22:00:00+00:00,1.30,c19827c2c2b8460c
2021-09-01,2021-09-02,2021-09-03T22:00:00+00:00,1.31,0bcbcb87aaa4724c
2021-09-02,2021-09-03,2021-09-04T22:00:00+00:00,1.29,c26fced9c0869e8f
2021-09-03,2021-09-07,2021-09-08T22:00:00+00:00,1.33,114535aba326ef23
2021-09-07,2021-09-08,2021-09-09T22:00:00+00:00,1.38,218cf13567bf8157
2021-09-08,2021-09-09,2021-09-10T22:00:00+00:00,1.35,9a4e6da8ceeb4df8
2021-09-09,2021-09-10,2021-09-11T22:00:00+00:00,1.30,3f664b08a48c176c
2021-09-10,2021-09-13,2021-09-14T22:00:00+00:00,1.35,1ead01935fd66637
2021-09-13,2021-09-14,2021-09-15T22:00:00+00:00,1.33,42ff2730642a7ab8
2021-09-14,2021-09-15,2021-09-16T22:00:00+00:00,1.28,ad678fed06424cab
2021-09-15,2021-09-16,2021-09-17T22:00:00+00:00,1.31,bf7617ca763533f2
2021-09-16,2021-09-17,2021-09-18T22:00:00+00:00,1.34,bee04c990a250093
2021-09-17,2021-09-20,2021-09-21T22:00:00+00:00,1.37,89e43f0c84992b15
2021-09-20,2021-09-21,2021-09-22T22:00:00+00:00,1.31,860b9baecb3f8bad
2021-09-21,2021-09-22,2021-09-23T22:00:00+00:00,1.33,7c86562003b57dfa
2021-09-22,2021-09-23,2021-09-24T22:00:00+00:00,1.32,5aa2ea3d4a62da37
2021-09-23,2021-09-24,2021-09-25T22:00:00+00:00,1.41,be11226b394ccece
2021-09-24,2021-09-27,2021-09-28T22:00:00+00:00,1.47,79cb45f3078c640d
2021-09-27,2021-09-28,2021-09-29T22:00:00+00:00,1.48,bb324a63bd4540f2
2021-09-28,2021-09-29,2021-09-30T22:00:00+00:00,1.54,5d7e305f54d7b485
2021-09-29,2021-09-30,2021-10-01T22:00:00+00:00,1.55,3dcf4c266576a708
2021-09-30,2021-10-01,2021-10-02T22:00:00+00:00,1.52,3b92f3ee2c58ec0d
2021-10-01,2021-10-04,2021-10-05T22:00:00+00:00,1.48,e97e27f579dfd77f
2021-10-04,2021-10-05,2021-10-06T22:00:00+00:00,1.49,2d1149132b71787b
2021-10-05,2021-10-06,2021-10-07T22:00:00+00:00,1.54,38d88d8d6e5925bc
2021-10-06,2021-10-07,2021-10-08T22:00:00+00:00,1.53,a95a8e1d12494bc2
2021-10-07,2021-10-08,2021-10-09T22:00:00+00:00,1.58,cc862306d5393540
2021-10-08,2021-10-12,2021-10-13T22:00:00+00:00,1.61,3fac922f4d5b1c60
2021-10-12,2021-10-13,2021-10-14T22:00:00+00:00,1.59,c01d778e0a96982c
2021-10-13,2021-10-14,2021-10-15T22:00:00+00:00,1.56,213ee6b73740e9d3
2021-10-14,2021-10-15,2021-10-16T22:00:00+00:00,1.52,3742058d9f7274db
2021-10-15,2021-10-18,2021-10-19T22:00:00+00:00,1.59,81c7110929a3a504
2021-10-18,2021-10-19,2021-10-20T22:00:00+00:00,1.59,c735c9308f6f3196
2021-10-19,2021-10-20,2021-10-21T22:00:00+00:00,1.65,942f3015045ebe88
2021-10-20,2021-10-21,2021-10-22T22:00:00+00:00,1.65,80031871803f3c45
2021-10-21,2021-10-22,2021-10-23T22:00:00+00:00,1.68,5f83483e03e75a16
2021-10-22,2021-10-25,2021-10-26T22:00:00+00:00,1.66,315e0c24b149e768
2021-10-25,2021-10-26,2021-10-27T22:00:00+00:00,1.64,d898e7a0f390d87e
2021-10-26,2021-10-27,2021-10-28T22:00:00+00:00,1.63,dbb674f619ffd022
2021-10-27,2021-10-28,2021-10-29T22:00:00+00:00,1.54,3d45228b03d9c5a9
2021-10-28,2021-10-29,2021-10-30T22:00:00+00:00,1.57,3f30007d5c6fde1d
2021-10-29,2021-11-01,2021-11-02T22:00:00+00:00,1.55,65e4b8ae4f4bfa4e
2021-11-01,2021-11-02,2021-11-03T22:00:00+00:00,1.58,844dcfd9cd60d19a
2021-11-02,2021-11-03,2021-11-04T22:00:00+00:00,1.56,18f9a85a67e79f7c
2021-11-03,2021-11-04,2021-11-05T22:00:00+00:00,1.60,0eff3d4bf5686444
2021-11-04,2021-11-05,2021-11-06T22:00:00+00:00,1.53,49afb921664a79d8
2021-11-05,2021-11-08,2021-11-09T22:00:00+00:00,1.45,a389bd44ca8b2532
2021-11-08,2021-11-09,2021-11-10T22:00:00+00:00,1.51,90c9101024b2ce12
2021-11-09,2021-11-10,2021-11-11T22:00:00+00:00,1.46,50a61cbfcf41a197
2021-11-10,2021-11-12,2021-11-13T22:00:00+00:00,1.56,6ae270eff92f2823
2021-11-12,2021-11-15,2021-11-16T22:00:00+00:00,1.58,dde745d2e081a75d
2021-11-15,2021-11-16,2021-11-17T22:00:00+00:00,1.63,b4c78bba93b617c0
2021-11-16,2021-11-17,2021-11-18T22:00:00+00:00,1.63,7cff7cf9b392b1fd
2021-11-17,2021-11-18,2021-11-19T22:00:00+00:00,1.60,6191ca01008ffc96
2021-11-18,2021-11-19,2021-11-20T22:00:00+00:00,1.59,e5edf3ee9c8a788b
2021-11-19,2021-11-22,2021-11-23T22:00:00+00:00,1.54,f31ccb78bb3551e0
2021-11-22,2021-11-23,2021-11-24T22:00:00+00:00,1.63,15a69f9052b95866
2021-11-23,2021-11-24,2021-11-25T22:00:00+00:00,1.67,4c84245dd934bdf7
2021-11-24,2021-11-26,2021-11-27T22:00:00+00:00,1.64,09423faa5bc654ae
2021-11-26,2021-11-29,2021-11-30T22:00:00+00:00,1.48,2a25205f28fcb93e
2021-11-29,2021-11-30,2021-12-01T22:00:00+00:00,1.52,98df9ed8024ba6cf
2021-11-30,2021-12-01,2021-12-02T22:00:00+00:00,1.43,2e5e76c466a9a46e
2021-12-01,2021-12-02,2021-12-03T22:00:00+00:00,1.43,46d22351ed0779f3
2021-12-02,2021-12-03,2021-12-04T22:00:00+00:00,1.44,b2a21932e74f3e3c
2021-12-03,2021-12-06,2021-12-07T22:00:00+00:00,1.35,9340510e87c07ac6
2021-12-06,2021-12-07,2021-12-08T22:00:00+00:00,1.43,c4f6bf9c696690dd
2021-12-07,2021-12-08,2021-12-09T22:00:00+00:00,1.48,8304e550029f6d6b
2021-12-08,2021-12-09,2021-12-10T22:00:00+00:00,1.52,777cec92a9f31672
2021-12-09,2021-12-10,2021-12-11T22:00:00+00:00,1.49,0b4e86759048318d
2021-12-10,2021-12-13,2021-12-14T22:00:00+00:00,1.48,5c7cace8d1a80517
2021-12-13,2021-12-14,2021-12-15T22:00:00+00:00,1.42,4f160955bcc744e4
2021-12-14,2021-12-15,2021-12-16T22:00:00+00:00,1.44,e32ea8c3b4040545
2021-12-15,2021-12-16,2021-12-17T22:00:00+00:00,1.47,6dd4a8e7f9fa8f3d
2021-12-16,2021-12-17,2021-12-18T22:00:00+00:00,1.44,810cf1a7be205d78
2021-12-17,2021-12-20,2021-12-21T22:00:00+00:00,1.41,cf6bbd121b112acb
2021-12-20,2021-12-21,2021-12-22T22:00:00+00:00,1.43,4cb468619f880c8d
2021-12-21,2021-12-22,2021-12-23T22:00:00+00:00,1.48,99ceab83c05d2026
2021-12-22,2021-12-23,2021-12-24T22:00:00+00:00,1.46,b20b0d79cabde3f4
2021-12-23,2021-12-27,2021-12-28T22:00:00+00:00,1.50,a8b516763b93b20b
2021-12-27,2021-12-28,2021-12-29T22:00:00+00:00,1.48,cd9fc2620a94d810
2021-12-28,2021-12-29,2021-12-30T22:00:00+00:00,1.49,a4851d10d64c7560
2021-12-29,2021-12-30,2021-12-31T22:00:00+00:00,1.55,a618219cbe775073
2021-12-30,2022-01-03,2022-01-04T22:00:00+00:00,1.52,4348f909d09191a6
2021-12-31,2022-01-03,2022-01-04T22:00:00+00:00,1.52,4348f909d09191a6
2022-01-03,2022-01-04,2022-01-05T22:00:00+00:00,1.63,04bf111c1915bab8
2022-01-04,2022-01-05,2022-01-06T22:00:00+00:00,1.66,935e05e3e58832cd
2022-01-05,2022-01-06,2022-01-07T22:00:00+00:00,1.71,bc80e83ab02dedf7
2022-01-06,2022-01-07,2022-01-08T22:00:00+00:00,1.73,ba57764c12672f22
2022-01-07,2022-01-10,2022-01-11T22:00:00+00:00,1.76,a164ebc0b0eee5f7
2022-01-10,2022-01-11,2022-01-12T22:00:00+00:00,1.78,8656773bf6660456
2022-01-11,2022-01-12,2022-01-13T22:00:00+00:00,1.75,0777334e0352725b
2022-01-12,2022-01-13,2022-01-14T22:00:00+00:00,1.74,392efbeebda48e55
2022-01-13,2022-01-14,2022-01-15T22:00:00+00:00,1.70,68fa05d6f160056f
2022-01-14,2022-01-18,2022-01-19T22:00:00+00:00,1.78,f7f0c54648e57ab9
2022-01-18,2022-01-19,2022-01-20T22:00:00+00:00,1.87,c195a98a59c8a524
2022-01-19,2022-01-20,2022-01-21T22:00:00+00:00,1.83,650d222071e1b2c7
2022-01-20,2022-01-21,2022-01-22T22:00:00+00:00,1.83,e57d02be02734a9f
2022-01-21,2022-01-24,2022-01-25T22:00:00+00:00,1.75,2462ae17058674ed
2022-01-24,2022-01-25,2022-01-26T22:00:00+00:00,1.75,8de70c81b80d6370
2022-01-25,2022-01-26,2022-01-27T22:00:00+00:00,1.78,f8f98fe2b6b2df36
2022-01-26,2022-01-27,2022-01-28T22:00:00+00:00,1.85,d5596fff8a8d71f8
2022-01-27,2022-01-28,2022-01-29T22:00:00+00:00,1.81,f6aed95d77dda53e
2022-01-28,2022-01-31,2022-02-01T22:00:00+00:00,1.78,048e641931129324
2022-01-31,2022-02-01,2022-02-02T22:00:00+00:00,1.79,6783ac6c11eadce6
2022-02-01,2022-02-02,2022-02-03T22:00:00+00:00,1.81,3d3a186045c0d55f
2022-02-02,2022-02-03,2022-02-04T22:00:00+00:00,1.78,dfaab8e770c77e6a
2022-02-03,2022-02-04,2022-02-05T22:00:00+00:00,1.82,accf8a905fd87ed5
2022-02-04,2022-02-07,2022-02-08T22:00:00+00:00,1.93,8b1f816ef28ea437
2022-02-07,2022-02-08,2022-02-09T22:00:00+00:00,1.92,22fdccc75d748dc6
2022-02-08,2022-02-09,2022-02-10T22:00:00+00:00,1.96,61ed2a4076c6610a
2022-02-09,2022-02-10,2022-02-11T22:00:00+00:00,1.94,e90021a98d873b10
2022-02-10,2022-02-11,2022-02-12T22:00:00+00:00,2.03,0aa9e3b5cf487bb4
2022-02-11,2022-02-14,2022-02-15T22:00:00+00:00,1.92,f7d38c4e55605576
2022-02-14,2022-02-15,2022-02-16T22:00:00+00:00,1.98,9f087abca4c30dfb
2022-02-15,2022-02-16,2022-02-17T22:00:00+00:00,2.05,8d847987afba80e7
2022-02-16,2022-02-17,2022-02-18T22:00:00+00:00,2.03,3707083fd153b216
2022-02-17,2022-02-18,2022-02-19T22:00:00+00:00,1.97,d4a4ffd9ba51db3d
2022-02-18,2022-02-22,2022-02-23T22:00:00+00:00,1.92,38fbfe5843430b5f
2022-02-22,2022-02-23,2022-02-24T22:00:00+00:00,1.94,1613ccd45fe17902
2022-02-23,2022-02-24,2022-02-25T22:00:00+00:00,1.99,927eeb7cff940434
2022-02-24,2022-02-25,2022-02-26T22:00:00+00:00,1.96,fa123b9c02a88979
2022-02-25,2022-02-28,2022-03-01T22:00:00+00:00,1.97,762a9ab9b4f8a49a
2022-02-28,2022-03-01,2022-03-02T22:00:00+00:00,1.83,e1ff0b10e0ab0876
2022-03-01,2022-03-02,2022-03-03T22:00:00+00:00,1.72,b005f823981ab231
2022-03-02,2022-03-03,2022-03-04T22:00:00+00:00,1.86,ad86bd057a3a9cfd
2022-03-03,2022-03-04,2022-03-05T22:00:00+00:00,1.86,8104bae5cfa3695d
2022-03-04,2022-03-07,2022-03-08T22:00:00+00:00,1.74,60b6aae76c6d9bbd
2022-03-07,2022-03-08,2022-03-09T22:00:00+00:00,1.78,254ddd5c45e1febf
2022-03-08,2022-03-09,2022-03-10T22:00:00+00:00,1.86,fba5a2b05be53e81
2022-03-09,2022-03-10,2022-03-11T22:00:00+00:00,1.94,877dfcfbf5fb376f
2022-03-10,2022-03-11,2022-03-12T22:00:00+00:00,1.98,4947f600ea8f3f5a
2022-03-11,2022-03-14,2022-03-15T22:00:00+00:00,2.00,12118ec8dda319aa
2022-03-14,2022-03-15,2022-03-16T22:00:00+00:00,2.14,6387e472bd8422f3
2022-03-15,2022-03-16,2022-03-17T22:00:00+00:00,2.15,f4bb7f0a12a3ac08
2022-03-16,2022-03-17,2022-03-18T22:00:00+00:00,2.19,9e712bc466c8a789
2022-03-17,2022-03-18,2022-03-19T22:00:00+00:00,2.20,2fa1735361ba0ec1
2022-03-18,2022-03-21,2022-03-22T22:00:00+00:00,2.14,9ffd2c5433917584
2022-03-21,2022-03-22,2022-03-23T22:00:00+00:00,2.32,e40c6e26133729ef
2022-03-22,2022-03-23,2022-03-24T22:00:00+00:00,2.38,45657b3c4e499992
2022-03-23,2022-03-24,2022-03-25T22:00:00+00:00,2.32,ab6f29612a93c9b3
2022-03-24,2022-03-25,2022-03-26T22:00:00+00:00,2.34,4e45302bd3c235e2
2022-03-25,2022-03-28,2022-03-29T22:00:00+00:00,2.48,42511c3863f30ec8
2022-03-28,2022-03-29,2022-03-30T22:00:00+00:00,2.46,7777514adcb7fc1c
2022-03-29,2022-03-30,2022-03-31T22:00:00+00:00,2.41,386ba53e94326ff5
2022-03-30,2022-03-31,2022-04-01T22:00:00+00:00,2.35,b24b49d9833cbfd0
2022-03-31,2022-04-01,2022-04-02T22:00:00+00:00,2.32,075bf55f087973d4
2022-04-01,2022-04-04,2022-04-05T22:00:00+00:00,2.38,1a13aad7510322c8
2022-04-04,2022-04-05,2022-04-06T22:00:00+00:00,2.42,c4bb4f1ee3b201f3
2022-04-01,2022-04-06,2022-04-07T22:00:00+00:00,2.39,340c9a5368b4371c
2022-04-05,2022-04-06,2022-04-07T22:00:00+00:00,2.54,340c9a5368b4371c
2022-04-06,2022-04-07,2022-04-08T22:00:00+00:00,2.61,9e3639571184da6c
2022-04-07,2022-04-08,2022-04-09T22:00:00+00:00,2.66,b2e614e96f099696
2022-04-08,2022-04-11,2022-04-12T22:00:00+00:00,2.72,c287ba7493c46f1a
2022-04-11,2022-04-12,2022-04-13T22:00:00+00:00,2.79,8c6aba9cb3b174aa
2022-04-12,2022-04-13,2022-04-14T22:00:00+00:00,2.72,1aa6e235c85b270a
2022-04-13,2022-04-14,2022-04-15T22:00:00+00:00,2.70,67d8465ee1abab73
2022-04-14,2022-04-18,2022-04-19T22:00:00+00:00,2.83,62c51cf1bb295528
2022-04-18,2022-04-19,2022-04-20T22:00:00+00:00,2.85,50bb0e969681b4e2
2022-04-19,2022-04-20,2022-04-21T22:00:00+00:00,2.93,73681b5701db9a74
2022-04-20,2022-04-21,2022-04-22T22:00:00+00:00,2.85,5c89da5e6da1cb41
2022-04-21,2022-04-22,2022-04-23T22:00:00+00:00,2.90,2d38bc2895dbf2e1
2022-04-22,2022-04-25,2022-04-26T22:00:00+00:00,2.90,414425a73309fcaa
2022-04-25,2022-04-26,2022-04-27T22:00:00+00:00,2.81,f9ec35acf960b4bc
2022-04-26,2022-04-27,2022-04-28T22:00:00+00:00,2.77,0045d56d83b00fbd
2022-04-27,2022-04-28,2022-04-29T22:00:00+00:00,2.82,e145cda7657d9aad
2022-04-28,2022-04-29,2022-04-30T22:00:00+00:00,2.85,d1108cbd2814db70
2022-04-29,2022-05-02,2022-05-03T22:00:00+00:00,2.89,43823711a4013490
2022-05-02,2022-05-03,2022-05-04T22:00:00+00:00,2.99,38bc93223ac8c7fc
2022-05-03,2022-05-04,2022-05-05T22:00:00+00:00,2.97,311df667b97b479d
2022-05-04,2022-05-05,2022-05-06T22:00:00+00:00,2.93,c9cd05cfb1e9b185
2022-05-05,2022-05-06,2022-05-07T22:00:00+00:00,3.05,7618eb6b17912923
2022-05-06,2022-05-09,2022-05-10T22:00:00+00:00,3.12,3a3a86e53c0bb1a8
2022-05-09,2022-05-10,2022-05-11T22:00:00+00:00,3.05,9a8a3120226e0916
2022-05-10,2022-05-11,2022-05-12T22:00:00+00:00,2.99,32f567033a266535
2022-05-11,2022-05-12,2022-05-13T22:00:00+00:00,2.91,b3f5548b05886774
2022-05-12,2022-05-13,2022-05-14T22:00:00+00:00,2.84,8c6bd8a857d229f8
2022-05-13,2022-05-16,2022-05-17T22:00:00+00:00,2.93,d7ea44bc84ae266e
2022-05-16,2022-05-17,2022-05-18T22:00:00+00:00,2.88,7087664f1e403e07
2022-05-17,2022-05-18,2022-05-19T22:00:00+00:00,2.98,fa95bc3206c02e5f
2022-05-18,2022-05-19,2022-05-20T22:00:00+00:00,2.88,612874486518f702
2022-05-18,2022-05-20,2022-05-21T22:00:00+00:00,2.89,ceb2f7d0c8073e92
2022-05-19,2022-05-20,2022-05-21T22:00:00+00:00,2.84,ceb2f7d0c8073e92
2022-05-20,2022-05-23,2022-05-24T22:00:00+00:00,2.78,c28f0c6a6fb55512
2022-05-23,2022-05-24,2022-05-25T22:00:00+00:00,2.86,f58965d03ca85f96
2022-05-24,2022-05-25,2022-05-26T22:00:00+00:00,2.76,90604992a7404699
2022-05-25,2022-05-26,2022-05-27T22:00:00+00:00,2.75,788a470ce2a7f96b
2022-05-26,2022-05-27,2022-05-28T22:00:00+00:00,2.75,7bf87b290c1abd9d
2022-05-27,2022-05-31,2022-06-01T22:00:00+00:00,2.74,7066997f9ca402a3
2022-05-31,2022-06-01,2022-06-02T22:00:00+00:00,2.85,92e2ee68e2d5d478
2022-06-01,2022-06-02,2022-06-03T22:00:00+00:00,2.94,fa7004d084a042ff
2022-06-02,2022-06-03,2022-06-04T22:00:00+00:00,2.92,395464f999b3b533
2022-06-03,2022-06-06,2022-06-07T22:00:00+00:00,2.96,2d4a2f517d558b1f
2022-06-06,2022-06-07,2022-06-08T22:00:00+00:00,3.04,54468fc2403c71b4
2022-06-07,2022-06-08,2022-06-09T22:00:00+00:00,2.98,ce8d59243d3520b5
2022-06-08,2022-06-09,2022-06-10T22:00:00+00:00,3.03,034f56d12528c42d
2022-06-09,2022-06-10,2022-06-11T22:00:00+00:00,3.04,8cb68bdb4c86a5b8
2022-06-10,2022-06-13,2022-06-14T22:00:00+00:00,3.15,a430c437303196aa
2022-06-13,2022-06-14,2022-06-15T22:00:00+00:00,3.43,4bd12ff1881b0157
2022-06-14,2022-06-15,2022-06-16T22:00:00+00:00,3.49,07ace05cb6d2292d
2022-06-15,2022-06-16,2022-06-17T22:00:00+00:00,3.33,03ba68063757fbb4
2022-06-16,2022-06-17,2022-06-18T22:00:00+00:00,3.28,1caaed3fe4d9d6e4
2022-06-17,2022-06-21,2022-06-22T22:00:00+00:00,3.25,f3e9dbc3faa6dbcf
2022-06-21,2022-06-22,2022-06-23T22:00:00+00:00,3.31,28fff30c48fdc937
2022-06-22,2022-06-23,2022-06-24T22:00:00+00:00,3.16,e97f2fb52ea308df
2022-06-23,2022-06-24,2022-06-25T22:00:00+00:00,3.09,0057f35c688933a8
2022-06-24,2022-06-27,2022-06-28T22:00:00+00:00,3.13,60ae497105e66614
2022-06-27,2022-06-28,2022-06-29T22:00:00+00:00,3.20,478ac8d056850dfa
2022-06-28,2022-06-29,2022-06-30T22:00:00+00:00,3.20,cf34186301d8167e
2022-06-29,2022-06-30,2022-07-01T22:00:00+00:00,3.10,fada02a7ce191ffe
2022-06-30,2022-07-01,2022-07-02T22:00:00+00:00,2.98,5d4ad09f12d71fb2
2022-07-01,2022-07-05,2022-07-06T22:00:00+00:00,2.88,dbf0adf5d3bfa6af
2022-07-05,2022-07-06,2022-07-07T22:00:00+00:00,2.82,3de463dfc968f092
2022-07-06,2022-07-07,2022-07-08T22:00:00+00:00,2.93,229a5fc58f5dced4
2022-07-07,2022-07-08,2022-07-09T22:00:00+00:00,3.01,85b376d6f7da01c4
2022-07-08,2022-07-11,2022-07-12T22:00:00+00:00,3.09,072f1dfa3388b51c
2022-07-11,2022-07-12,2022-07-13T22:00:00+00:00,2.99,a961863454b07cac
2022-07-12,2022-07-13,2022-07-14T22:00:00+00:00,2.96,130c3c6477b4a9d9
2022-07-13,2022-07-14,2022-07-15T22:00:00+00:00,2.91,b5d566d580d03fdd
2022-07-14,2022-07-15,2022-07-16T22:00:00+00:00,2.96,277397ecee207131
2022-07-15,2022-07-18,2022-07-19T22:00:00+00:00,2.93,791e0adfc8e2dee1
2022-07-18,2022-07-19,2022-07-20T22:00:00+00:00,2.96,f6cb83a4c36aefd6
2022-07-19,2022-07-20,2022-07-21T22:00:00+00:00,3.01,722bd92c5a097a35
2022-07-20,2022-07-21,2022-07-22T22:00:00+00:00,3.04,37ae7a410c160182
2022-07-21,2022-07-22,2022-07-23T22:00:00+00:00,2.91,e9333490c98888f2
2022-07-22,2022-07-25,2022-07-26T22:00:00+00:00,2.77,4664402236bbf3c7
2022-07-25,2022-07-26,2022-07-27T22:00:00+00:00,2.81,c53230f10045ab4f
2022-07-26,2022-07-27,2022-07-28T22:00:00+00:00,2.81,c52b39f7b7ac85f2
2022-07-27,2022-07-28,2022-07-29T22:00:00+00:00,2.78,1ecc3d5abda68443
2022-07-28,2022-07-29,2022-07-30T22:00:00+00:00,2.68,cc8a7b996d17a969
2022-07-29,2022-08-01,2022-08-02T22:00:00+00:00,2.67,4d268fe9e46f2f4a
2022-08-01,2022-08-02,2022-08-03T22:00:00+00:00,2.60,b3e401484391887b
2022-08-02,2022-08-03,2022-08-04T22:00:00+00:00,2.75,688bb8e61026227f
2022-08-03,2022-08-04,2022-08-05T22:00:00+00:00,2.73,d5abcdefb0359f18
2022-08-04,2022-08-05,2022-08-06T22:00:00+00:00,2.68,1837a4725eaef417
2022-08-05,2022-08-08,2022-08-09T22:00:00+00:00,2.83,a0b9b2cf52e2a3af
2022-08-08,2022-08-09,2022-08-10T22:00:00+00:00,2.77,140a900e24169c11
2022-08-09,2022-08-10,2022-08-11T22:00:00+00:00,2.80,02a771ede867d630
2022-08-10,2022-08-11,2022-08-12T22:00:00+00:00,2.78,a4d32e13661e37fd
2022-08-11,2022-08-12,2022-08-13T22:00:00+00:00,2.87,addfd526031efd73
2022-08-12,2022-08-15,2022-08-16T22:00:00+00:00,2.84,19e8d69b0921d29b
2022-08-15,2022-08-16,2022-08-17T22:00:00+00:00,2.79,838d37cc1523a709
2022-08-16,2022-08-17,2022-08-18T22:00:00+00:00,2.82,fd2f374207de9977
2022-08-17,2022-08-18,2022-08-19T22:00:00+00:00,2.89,3798482b8504bb05
2022-08-18,2022-08-19,2022-08-20T22:00:00+00:00,2.88,73266a781133a210
2022-08-19,2022-08-22,2022-08-23T22:00:00+00:00,2.98,1b988cf61fd59181
2022-08-22,2022-08-23,2022-08-24T22:00:00+00:00,3.03,04ece786bf1d8af8
2022-08-23,2022-08-24,2022-08-25T22:00:00+00:00,3.05,036dd262bc369d0d
2022-08-24,2022-08-25,2022-08-26T22:00:00+00:00,3.11,4f35cb410481b0a4
2022-08-25,2022-08-26,2022-08-27T22:00:00+00:00,3.03,ca0840414ddd0687
2022-08-26,2022-08-29,2022-08-30T22:00:00+00:00,3.04,097bbb420dee5d89
2022-08-29,2022-08-30,2022-08-31T22:00:00+00:00,3.12,3d2d2a604ccbe3ac
2022-08-30,2022-08-31,2022-09-01T22:00:00+00:00,3.11,67c6c7cbe5c21b50
2022-08-31,2022-09-01,2022-09-02T22:00:00+00:00,3.15,f7f8de14e463f5f3
2022-09-01,2022-09-02,2022-09-03T22:00:00+00:00,3.26,b1b610933f054318
2022-09-02,2022-09-06,2022-09-07T22:00:00+00:00,3.20,3eed7453941a0473
2022-09-06,2022-09-07,2022-09-08T22:00:00+00:00,3.33,da403995e437db0a
2022-09-07,2022-09-08,2022-09-09T22:00:00+00:00,3.27,948049493475f216
2022-09-08,2022-09-09,2022-09-10T22:00:00+00:00,3.29,f8a2d6d5de644951
2022-09-09,2022-09-12,2022-09-13T22:00:00+00:00,3.33,4b861d4f9bdbf534
2022-09-12,2022-09-13,2022-09-14T22:00:00+00:00,3.37,c46ce18671c05679
2022-09-13,2022-09-14,2022-09-15T22:00:00+00:00,3.42,6d8b85205d43b2ac
2022-09-14,2022-09-15,2022-09-16T22:00:00+00:00,3.41,06977e6c72126bc3
2022-09-15,2022-09-16,2022-09-17T22:00:00+00:00,3.45,985907a5de9324b6
2022-09-16,2022-09-19,2022-09-20T22:00:00+00:00,3.45,b57e0a97388b04c5
2022-09-19,2022-09-20,2022-09-21T22:00:00+00:00,3.49,61a87f6bc4995e6b
2022-09-20,2022-09-21,2022-09-22T22:00:00+00:00,3.57,98f5550e9ccd8bc8
2022-09-21,2022-09-22,2022-09-23T22:00:00+00:00,3.51,8e5bbd18c6cf196c
2022-09-22,2022-09-23,2022-09-24T22:00:00+00:00,3.70,2d84b8f17bb1afda
2022-09-23,2022-09-26,2022-09-27T22:00:00+00:00,3.69,6093d124922ff0df
2022-09-26,2022-09-27,2022-09-28T22:00:00+00:00,3.88,7a2ea5abaebada8a
2022-09-27,2022-09-28,2022-09-29T22:00:00+00:00,3.97,bc667e7a661d9331
2022-09-28,2022-09-29,2022-09-30T22:00:00+00:00,3.72,780362a999cd3471
2022-09-29,2022-09-30,2022-10-01T22:00:00+00:00,3.76,a927dbe4f4e1249c
2022-09-30,2022-10-03,2022-10-04T22:00:00+00:00,3.83,bd2cd6f57c27a0fa
2022-10-03,2022-10-04,2022-10-05T22:00:00+00:00,3.67,e34009d655f86805
2022-10-04,2022-10-05,2022-10-06T22:00:00+00:00,3.62,ebde3fd206d7f6a0
2022-10-05,2022-10-06,2022-10-07T22:00:00+00:00,3.76,0aec800b3ee026e9
2022-10-06,2022-10-07,2022-10-08T22:00:00+00:00,3.83,730d0f97bad8a5a3
2022-10-07,2022-10-11,2022-10-12T22:00:00+00:00,3.89,da68af2851be1c67
2022-10-11,2022-10-12,2022-10-13T22:00:00+00:00,3.93,54c1d9a8b29991e1
2022-10-12,2022-10-13,2022-10-14T22:00:00+00:00,3.91,b09dd89c5f81b8e5
2022-10-13,2022-10-14,2022-10-15T22:00:00+00:00,3.97,22395d0cbaf83bac
2022-10-14,2022-10-17,2022-10-18T22:00:00+00:00,4.00,0d61939c4832ffce
2022-10-17,2022-10-18,2022-10-19T22:00:00+00:00,4.02,3e0c5d1f032adfa4
2022-10-18,2022-10-19,2022-10-20T22:00:00+00:00,4.01,ab6e2c501099f0d1
2022-10-19,2022-10-20,2022-10-21T22:00:00+00:00,4.14,8b23f5843482dfbe
2022-10-20,2022-10-21,2022-10-22T22:00:00+00:00,4.24,c64ed3d44619b510
2022-10-21,2022-10-24,2022-10-25T22:00:00+00:00,4.21,7d24d97d53119672
2022-10-24,2022-10-25,2022-10-26T22:00:00+00:00,4.25,98f7829eae2eae18
2022-10-25,2022-10-26,2022-10-27T22:00:00+00:00,4.10,63e15557f5e1f3b5
2022-10-26,2022-10-27,2022-10-28T22:00:00+00:00,4.04,fa066fc1bc20302c
2022-10-27,2022-10-28,2022-10-29T22:00:00+00:00,3.96,0d74dad27bf5c9f4
2022-10-28,2022-10-31,2022-11-01T22:00:00+00:00,4.02,2598d95cc49163a0
2022-10-31,2022-11-01,2022-11-02T22:00:00+00:00,4.10,26f6a3201e2ee6e0
2022-11-01,2022-11-02,2022-11-03T22:00:00+00:00,4.07,f4a3ae39fefe7603
2022-11-02,2022-11-03,2022-11-04T22:00:00+00:00,4.10,fd1f9eca37b8f10e
2022-11-03,2022-11-04,2022-11-05T22:00:00+00:00,4.14,6209ba6b026b2eb4
2022-11-04,2022-11-07,2022-11-08T22:00:00+00:00,4.17,83cd85405d156eab
2022-11-07,2022-11-08,2022-11-09T22:00:00+00:00,4.22,71483b09c2c96367
2022-11-08,2022-11-09,2022-11-10T22:00:00+00:00,4.14,acd153848463edfb
2022-11-09,2022-11-10,2022-11-11T22:00:00+00:00,4.12,de71b88ad544ba25
2022-11-10,2022-11-14,2022-11-15T22:00:00+00:00,3.82,099223c2851d7d0f
2022-11-14,2022-11-15,2022-11-16T22:00:00+00:00,3.88,b7726234006a0804
2022-11-15,2022-11-16,2022-11-17T22:00:00+00:00,3.80,e8e1b02e4f3ac973
2022-11-16,2022-11-17,2022-11-18T22:00:00+00:00,3.67,98fdc131ba49191a
2022-11-17,2022-11-18,2022-11-19T22:00:00+00:00,3.77,ba297b5b090aa11a
2022-11-18,2022-11-21,2022-11-22T22:00:00+00:00,3.82,b4849919b3c70f14
2022-11-21,2022-11-22,2022-11-23T22:00:00+00:00,3.83,28eb4f613a4ce799
2022-11-22,2022-11-23,2022-11-24T22:00:00+00:00,3.76,9f8fb778e01f6986
2022-11-23,2022-11-25,2022-11-26T22:00:00+00:00,3.71,5c5adfe41710d44a
2022-11-25,2022-11-28,2022-11-29T22:00:00+00:00,3.68,e88b1c348c021849
2022-11-28,2022-11-29,2022-11-30T22:00:00+00:00,3.69,58bcf403ba703dc0
2022-11-29,2022-11-30,2022-12-01T22:00:00+00:00,3.75,14db7500f31986ff
2022-11-30,2022-12-01,2022-12-02T22:00:00+00:00,3.68,50494efcb37a74f3
2022-12-01,2022-12-02,2022-12-03T22:00:00+00:00,3.53,e6ba1ec057449644
2022-12-02,2022-12-05,2022-12-06T22:00:00+00:00,3.51,2a7cfbe26ff1aa3b
2022-12-05,2022-12-06,2022-12-07T22:00:00+00:00,3.60,999b0f5235c33ff3
2022-12-06,2022-12-07,2022-12-08T22:00:00+00:00,3.51,904335794c2daa2b
2022-12-07,2022-12-08,2022-12-09T22:00:00+00:00,3.42,509f2b72ca02828b
2022-12-08,2022-12-09,2022-12-10T22:00:00+00:00,3.48,7103c85b92112136
2022-12-09,2022-12-12,2022-12-13T22:00:00+00:00,3.57,165b3c4f45564b6d
2022-12-12,2022-12-13,2022-12-14T22:00:00+00:00,3.61,e9f9178d2ced919b
2022-12-13,2022-12-14,2022-12-15T22:00:00+00:00,3.51,8a3cb6542ed49d18
2022-12-14,2022-12-15,2022-12-16T22:00:00+00:00,3.49,6af1c005034f695b
2022-12-15,2022-12-16,2022-12-17T22:00:00+00:00,3.44,c09102e60c8a08d4
2022-12-16,2022-12-19,2022-12-20T22:00:00+00:00,3.48,5de3ddb8ce1fff97
2022-12-19,2022-12-20,2022-12-21T22:00:00+00:00,3.57,e5ea2cc5bcd7dccd
2022-12-20,2022-12-21,2022-12-22T22:00:00+00:00,3.69,661c9972d255dc5c
2022-12-21,2022-12-22,2022-12-23T22:00:00+00:00,3.68,ee4cdee2ee3c3ac4
2022-12-22,2022-12-23,2022-12-24T22:00:00+00:00,3.67,9bbebe046cf4bfdf
2022-12-23,2022-12-27,2022-12-28T22:00:00+00:00,3.75,493dfee889110b48
2022-12-27,2022-12-28,2022-12-29T22:00:00+00:00,3.84,dfb54adec845be35
2022-12-28,2022-12-29,2022-12-30T22:00:00+00:00,3.88,46f1ce470110016b
2022-12-29,2022-12-30,2022-12-31T22:00:00+00:00,3.83,46e44001a1300f70
2022-12-30,2023-01-03,2023-01-04T22:00:00+00:00,3.88,a050ecaec12a4dad
2023-01-03,2023-01-04,2023-01-05T22:00:00+00:00,3.79,e760ef15763c045f
2023-01-04,2023-01-05,2023-01-06T22:00:00+00:00,3.69,56d2d68d67417e22
2023-01-05,2023-01-06,2023-01-07T22:00:00+00:00,3.71,280a6e66b630df39
2023-01-06,2023-01-09,2023-01-10T22:00:00+00:00,3.55,a3646e6ea27dc317
2023-01-09,2023-01-10,2023-01-11T22:00:00+00:00,3.53,47a752c44e1e424f
2023-01-10,2023-01-11,2023-01-12T22:00:00+00:00,3.61,40fe67739d167410
2023-01-11,2023-01-12,2023-01-13T22:00:00+00:00,3.54,81b9ae7a0fdf02cc
2023-01-12,2023-01-13,2023-01-14T22:00:00+00:00,3.43,5315b5689092f57d
2023-01-13,2023-01-17,2023-01-18T22:00:00+00:00,3.49,77ab5b64fbaa88ee
2023-01-17,2023-01-18,2023-01-19T22:00:00+00:00,3.53,315a54a099d86066
2023-01-18,2023-01-19,2023-01-20T22:00:00+00:00,3.37,378c328a92c72ade
2023-01-19,2023-01-20,2023-01-21T22:00:00+00:00,3.39,211bfbd8f81d7a28
2023-01-20,2023-01-23,2023-01-24T22:00:00+00:00,3.48,46bf23620770c295
2023-01-23,2023-01-24,2023-01-25T22:00:00+00:00,3.52,52c6a4a027000bda
2023-01-24,2023-01-25,2023-01-26T22:00:00+00:00,3.46,6cf25df94a283e2a
2023-01-25,2023-01-26,2023-01-27T22:00:00+00:00,3.46,ca49cd8d6fd2264f
2023-01-26,2023-01-27,2023-01-28T22:00:00+00:00,3.49,962e46a8456d6128
2023-01-27,2023-01-30,2023-01-31T22:00:00+00:00,3.52,f2931a52b1730cf2
2023-01-30,2023-01-31,2023-02-01T22:00:00+00:00,3.55,e4be2fa40d25dbd8
2023-01-31,2023-02-01,2023-02-02T22:00:00+00:00,3.52,2ab304e2720577bf
2023-02-01,2023-02-02,2023-02-03T22:00:00+00:00,3.39,f2eccc8723fdc5b8
2023-02-02,2023-02-03,2023-02-04T22:00:00+00:00,3.40,03886db45271bab5
2023-02-03,2023-02-06,2023-02-07T22:00:00+00:00,3.53,c25f5161a21b2ced
2023-02-06,2023-02-07,2023-02-08T22:00:00+00:00,3.63,1dde6872de227c61
2023-02-07,2023-02-08,2023-02-09T22:00:00+00:00,3.67,b8252e3e9a2f988d
2023-02-08,2023-02-09,2023-02-10T22:00:00+00:00,3.63,2a233151f7b14636
2023-02-09,2023-02-10,2023-02-11T22:00:00+00:00,3.67,34d5fc2acb2a8a5f
2023-02-10,2023-02-13,2023-02-14T22:00:00+00:00,3.74,bbadd9ec26c569f0
2023-02-13,2023-02-14,2023-02-15T22:00:00+00:00,3.72,bd128d9816505c79
2023-02-14,2023-02-15,2023-02-16T22:00:00+00:00,3.77,7f0422bcee8539b4
2023-02-15,2023-02-16,2023-02-17T22:00:00+00:00,3.81,3b12293e8118531d
2023-02-16,2023-02-17,2023-02-18T22:00:00+00:00,3.86,1010cb568672f8c2
2023-02-17,2023-02-21,2023-02-22T22:00:00+00:00,3.82,6b5eefc3946face2
2023-02-21,2023-02-22,2023-02-23T22:00:00+00:00,3.95,13b65cfea7daffad
2023-02-22,2023-02-23,2023-02-24T22:00:00+00:00,3.93,32735ff3f0227e3b
2023-02-23,2023-02-24,2023-02-25T22:00:00+00:00,3.88,bb7b2e29d77a2084
2023-02-24,2023-02-27,2023-02-28T22:00:00+00:00,3.95,048ec19ca0cf6836
2023-02-27,2023-02-28,2023-03-01T22:00:00+00:00,3.92,9b3ce2e05bb9e310
2023-02-28,2023-03-01,2023-03-02T22:00:00+00:00,3.92,5f4bb91786ddcd2c
2023-03-01,2023-03-02,2023-03-03T22:00:00+00:00,4.01,e819f0cc3b89dd25
2023-03-02,2023-03-03,2023-03-04T22:00:00+00:00,4.08,449ad88619514fdc
2023-03-03,2023-03-06,2023-03-07T22:00:00+00:00,3.97,f3028d650af619db
2023-03-06,2023-03-07,2023-03-08T22:00:00+00:00,3.98,45d081c856393ec5
2023-03-07,2023-03-08,2023-03-09T22:00:00+00:00,3.97,b90faa61b4fe698b
2023-03-08,2023-03-09,2023-03-10T22:00:00+00:00,3.98,8e6cb1c822518750
2023-03-09,2023-03-10,2023-03-11T22:00:00+00:00,3.93,c8b1ee840ec6ec43
2023-03-10,2023-03-13,2023-03-14T22:00:00+00:00,3.70,9ced3b3be68b2ac2
2023-03-13,2023-03-14,2023-03-15T22:00:00+00:00,3.55,20c94991fb72d835
2023-03-14,2023-03-15,2023-03-16T22:00:00+00:00,3.64,6f3a2faf8b77f2e9
2023-03-15,2023-03-16,2023-03-17T22:00:00+00:00,3.51,f2b674ed816bbe35
2023-03-16,2023-03-17,2023-03-18T22:00:00+00:00,3.56,b4cd36d9cf3ae679
2023-03-17,2023-03-20,2023-03-21T22:00:00+00:00,3.39,a3fb00ad1e262540
2023-03-20,2023-03-21,2023-03-22T22:00:00+00:00,3.47,e4c5d4a31237920b
2023-03-21,2023-03-22,2023-03-23T22:00:00+00:00,3.59,9482a2c2a781c4a2
2023-03-22,2023-03-23,2023-03-24T22:00:00+00:00,3.48,4270e78cadf71389
2023-03-23,2023-03-24,2023-03-25T22:00:00+00:00,3.38,3c6e09c49dd41f44
2023-03-24,2023-03-27,2023-03-28T22:00:00+00:00,3.38,33a4d1ca5dc1a3cb
2023-03-27,2023-03-28,2023-03-29T22:00:00+00:00,3.53,0abac6ceac6ab212
2023-03-28,2023-03-29,2023-03-30T22:00:00+00:00,3.55,9faff30e0720d315
2023-03-29,2023-03-30,2023-03-31T22:00:00+00:00,3.57,339b6b17a881a2b4
2023-03-30,2023-03-31,2023-04-01T22:00:00+00:00,3.55,78d627adc4acf78b
2023-03-31,2023-04-03,2023-04-04T22:00:00+00:00,3.48,4713f2cd64a50ed8
2023-04-03,2023-04-04,2023-04-05T22:00:00+00:00,3.43,a2ec5c29f9f676f8
2023-04-04,2023-04-05,2023-04-06T22:00:00+00:00,3.35,15b8f7f31e24d6b8
2023-04-05,2023-04-06,2023-04-07T22:00:00+00:00,3.30,34493c4a5901b176
2023-04-06,2023-04-10,2023-04-11T22:00:00+00:00,3.30,074dc61de8c53be2
2023-04-07,2023-04-10,2023-04-11T22:00:00+00:00,3.39,074dc61de8c53be2
2023-04-10,2023-04-11,2023-04-12T22:00:00+00:00,3.41,44ae0616046d5670
2023-04-11,2023-04-12,2023-04-13T22:00:00+00:00,3.43,53df9ce5ba2c77c0
2023-04-12,2023-04-13,2023-04-14T22:00:00+00:00,3.41,b1aface8b051a958
2023-04-13,2023-04-14,2023-04-15T22:00:00+00:00,3.45,af59c82d9e1b0a08
2023-04-14,2023-04-17,2023-04-18T22:00:00+00:00,3.52,00620272bd91a37f
2023-04-17,2023-04-18,2023-04-19T22:00:00+00:00,3.60,072cfef3f6543af2
2023-04-18,2023-04-19,2023-04-20T22:00:00+00:00,3.58,6ba790a65c2119b6
2023-04-19,2023-04-20,2023-04-21T22:00:00+00:00,3.60,147be87e9113d0ea
2023-04-20,2023-04-21,2023-04-22T22:00:00+00:00,3.54,bbd7de5dcaca1e01
2023-04-21,2023-04-24,2023-04-25T22:00:00+00:00,3.57,8620047ef4d2a0ea
2023-04-24,2023-04-25,2023-04-26T22:00:00+00:00,3.52,aaebb3d1b54c47ee
2023-04-25,2023-04-26,2023-04-27T22:00:00+00:00,3.40,8ea0e7f2011a5dc3
2023-04-26,2023-04-27,2023-04-28T22:00:00+00:00,3.43,97ecbe3c769df07c
2023-04-27,2023-04-28,2023-04-29T22:00:00+00:00,3.53,e90437304926c74d
2023-04-28,2023-05-01,2023-05-02T22:00:00+00:00,3.44,cdd3f846bab45cf0
2023-05-01,2023-05-02,2023-05-03T22:00:00+00:00,3.59,f33daa885c154c37
2023-05-02,2023-05-03,2023-05-04T22:00:00+00:00,3.44,609605ae8ec23e1f
2023-05-03,2023-05-04,2023-05-05T22:00:00+00:00,3.38,101314495a54a63c
2023-05-04,2023-05-05,2023-05-06T22:00:00+00:00,3.37,96d077e43816814b
2023-05-05,2023-05-08,2023-05-09T22:00:00+00:00,3.44,fe0c822801a050c1
2023-05-08,2023-05-09,2023-05-10T22:00:00+00:00,3.52,d14e71d65d66a145
2023-05-09,2023-05-10,2023-05-11T22:00:00+00:00,3.53,fb9e9e5c728e3341
2023-05-10,2023-05-11,2023-05-12T22:00:00+00:00,3.43,444fa0778786db50
2023-05-11,2023-05-12,2023-05-13T22:00:00+00:00,3.39,a3531cd31d08cbf9
2023-05-12,2023-05-15,2023-05-16T22:00:00+00:00,3.46,b41a5baec5e658b9
2023-05-15,2023-05-16,2023-05-17T22:00:00+00:00,3.50,5b454770422159d9
2023-05-16,2023-05-17,2023-05-18T22:00:00+00:00,3.54,4eeeae385aaf0a1a
2023-05-17,2023-05-18,2023-05-19T22:00:00+00:00,3.57,6d90881a4cd796f7
2023-05-18,2023-05-19,2023-05-20T22:00:00+00:00,3.65,e588f641001e1b0f
2023-05-19,2023-05-22,2023-05-23T22:00:00+00:00,3.70,68cb98579ebd0595
2023-05-22,2023-05-23,2023-05-24T22:00:00+00:00,3.72,ae7aeaa3480d811a
2023-05-23,2023-05-24,2023-05-25T22:00:00+00:00,3.70,9243b16cf7e19683
2023-05-24,2023-05-25,2023-05-26T22:00:00+00:00,3.73,20cc106c5af8a405
2023-05-25,2023-05-26,2023-05-27T22:00:00+00:00,3.83,b68ae69c0406d679
2023-05-26,2023-05-30,2023-05-31T22:00:00+00:00,3.80,7d76cd90f93508a5
2023-05-30,2023-05-31,2023-06-01T22:00:00+00:00,3.69,e30156542397c219
2023-05-31,2023-06-01,2023-06-02T22:00:00+00:00,3.64,9f92ea6359a8cb3a
2023-06-01,2023-06-02,2023-06-03T22:00:00+00:00,3.61,23d62004d102915b
2023-06-02,2023-06-05,2023-06-06T22:00:00+00:00,3.69,4f761ce7484093a0
2023-06-05,2023-06-06,2023-06-07T22:00:00+00:00,3.69,34f8ae8e06b470b5
2023-06-06,2023-06-07,2023-06-08T22:00:00+00:00,3.70,602023e26cb128d8
2023-06-07,2023-06-08,2023-06-09T22:00:00+00:00,3.79,978099e995842000
2023-06-08,2023-06-09,2023-06-10T22:00:00+00:00,3.73,8ffc22fd8f9a1228
2023-06-09,2023-06-12,2023-06-13T22:00:00+00:00,3.75,59b1ef922d6b8951
2023-06-12,2023-06-13,2023-06-14T22:00:00+00:00,3.73,26a04e1776fa7228
2023-06-13,2023-06-14,2023-06-15T22:00:00+00:00,3.84,e0bdf5601e62da9a
2023-06-14,2023-06-15,2023-06-16T22:00:00+00:00,3.83,e81191ff80100b4b
2023-06-15,2023-06-16,2023-06-17T22:00:00+00:00,3.72,7fb0cb2f1c23fba5
2023-06-16,2023-06-20,2023-06-21T22:00:00+00:00,3.77,31d4649ab78610a8
2023-06-20,2023-06-21,2023-06-22T22:00:00+00:00,3.74,8c901b393fc16304
2023-06-21,2023-06-22,2023-06-23T22:00:00+00:00,3.72,bb255f4279802a58
2023-06-22,2023-06-23,2023-06-24T22:00:00+00:00,3.80,a7a2651a28a2ec71
2023-06-23,2023-06-26,2023-06-27T22:00:00+00:00,3.74,3b2fb921c51ff65f
2023-06-26,2023-06-27,2023-06-28T22:00:00+00:00,3.72,c5fb89ef6a14620c
2023-06-27,2023-06-28,2023-06-29T22:00:00+00:00,3.77,5d56463c4ae290ac
2023-06-28,2023-06-29,2023-06-30T22:00:00+00:00,3.71,75d199d1a9b46321
2023-06-29,2023-06-30,2023-07-01T22:00:00+00:00,3.85,51edb602235a1d35
2023-06-30,2023-07-03,2023-07-04T22:00:00+00:00,3.81,5e81d5393481ae65
2023-07-03,2023-07-05,2023-07-06T22:00:00+00:00,3.86,e5aa37ce1d84e58a
2023-07-05,2023-07-06,2023-07-07T22:00:00+00:00,3.95,f1c67d85e072d18a
2023-07-06,2023-07-07,2023-07-08T22:00:00+00:00,4.05,661115343a43983d
2023-07-07,2023-07-10,2023-07-11T22:00:00+00:00,4.06,97d9231e5cfda418
2023-07-10,2023-07-11,2023-07-12T22:00:00+00:00,4.01,d6d2b279d78b1d7a
2023-07-11,2023-07-12,2023-07-13T22:00:00+00:00,3.99,266f5a755bfce09d
2023-07-12,2023-07-13,2023-07-14T22:00:00+00:00,3.86,2d0c694b06453ea0
2023-07-13,2023-07-14,2023-07-15T22:00:00+00:00,3.76,9de374fb5267a16d
2023-07-14,2023-07-17,2023-07-18T22:00:00+00:00,3.83,2706835e35fd857b
2023-07-17,2023-07-18,2023-07-19T22:00:00+00:00,3.81,ac723db32a5a911c
2023-07-18,2023-07-19,2023-07-20T22:00:00+00:00,3.80,30260fae7cdeaf7f
2023-07-19,2023-07-20,2023-07-21T22:00:00+00:00,3.75,6598135008d94007
2023-07-20,2023-07-21,2023-07-22T22:00:00+00:00,3.85,0d658311fed212d6
2023-07-21,2023-07-24,2023-07-25T22:00:00+00:00,3.84,a1ede82de75dd365
2023-07-24,2023-07-25,2023-07-26T22:00:00+00:00,3.86,3e5cf41a6d961a32
2023-07-25,2023-07-26,2023-07-27T22:00:00+00:00,3.91,a46a5d274969f989
2023-07-26,2023-07-27,2023-07-28T22:00:00+00:00,3.86,0f1e1d0cf5aac86c
2023-07-27,2023-07-28,2023-07-29T22:00:00+00:00,4.01,6435905feea978d5
2023-07-28,2023-07-31,2023-08-01T22:00:00+00:00,3.96,9cbab1363ac7f13f
2023-07-31,2023-08-01,2023-08-02T22:00:00+00:00,3.97,8adb32a144705b09
2023-08-01,2023-08-03,2023-08-04T22:00:00+00:00,4.05,389163b2f8a31cfa
2023-08-02,2023-08-03,2023-08-04T22:00:00+00:00,4.08,389163b2f8a31cfa
2023-08-03,2023-08-04,2023-08-05T22:00:00+00:00,4.20,02c826cd54668f32
2023-08-04,2023-08-07,2023-08-08T22:00:00+00:00,4.05,7cc4db95fad37c15
2023-08-07,2023-08-08,2023-08-09T22:00:00+00:00,4.09,dfebe7eac03f7f92
2023-08-08,2023-08-09,2023-08-10T22:00:00+00:00,4.02,5afefd4ad1486dfb
2023-08-09,2023-08-10,2023-08-11T22:00:00+00:00,4.00,a706ce7807a7de16
2023-08-10,2023-08-11,2023-08-12T22:00:00+00:00,4.09,55243fb6db742e1f
2023-08-11,2023-08-14,2023-08-15T22:00:00+00:00,4.16,aabcddc0f228ea2b
2023-08-14,2023-08-15,2023-08-16T22:00:00+00:00,4.19,e2d349aeb7a4476f
2023-08-15,2023-08-16,2023-08-17T22:00:00+00:00,4.21,3dc2211bcf029869
2023-08-16,2023-08-17,2023-08-18T22:00:00+00:00,4.28,3b29a8b9c47004c8
2023-08-17,2023-08-18,2023-08-19T22:00:00+00:00,4.30,9efdf53bb8de681b
2023-08-18,2023-08-21,2023-08-22T22:00:00+00:00,4.26,29e86acc32e26074
2023-08-21,2023-08-22,2023-08-23T22:00:00+00:00,4.34,c13f48d63176d81b
2023-08-22,2023-08-23,2023-08-24T22:00:00+00:00,4.34,df9bdc5f0b97f5fe
2023-08-23,2023-08-24,2023-08-25T22:00:00+00:00,4.19,a2222f4db77b3ef6
2023-08-24,2023-08-25,2023-08-26T22:00:00+00:00,4.23,9b18094fccdd3a8a
2023-08-25,2023-08-28,2023-08-29T22:00:00+00:00,4.25,2d239e9dc3861df9
2023-08-28,2023-08-29,2023-08-30T22:00:00+00:00,4.20,9a67a5c6207282f3
2023-08-29,2023-08-30,2023-08-31T22:00:00+00:00,4.12,4445cc2f4c105204
2023-08-30,2023-08-31,2023-09-01T22:00:00+00:00,4.12,15d5f351f333bb57
2023-08-31,2023-09-01,2023-09-02T22:00:00+00:00,4.09,5163432c3c4bd46a
2023-09-01,2023-09-05,2023-09-06T22:00:00+00:00,4.18,2cde64827589aceb
2023-09-05,2023-09-06,2023-09-07T22:00:00+00:00,4.27,43c29f1af835f81b
2023-09-06,2023-09-07,2023-09-08T22:00:00+00:00,4.30,13d3770bb19a33d5
2023-09-07,2023-09-08,2023-09-09T22:00:00+00:00,4.27,82a81f90c8a92cae
2023-09-08,2023-09-11,2023-09-12T22:00:00+00:00,4.26,53c74585f625771d
2023-09-11,2023-09-12,2023-09-13T22:00:00+00:00,4.29,2debdca0fa57c6bb
2023-09-12,2023-09-14,2023-09-15T22:00:00+00:00,4.27,3c498a762b3cab01
2023-09-13,2023-09-14,2023-09-15T22:00:00+00:00,4.25,3c498a762b3cab01
2023-09-14,2023-09-15,2023-09-16T22:00:00+00:00,4.29,8d74bcfe91a6cde5
2023-09-15,2023-09-18,2023-09-19T22:00:00+00:00,4.33,c04eca28fc9a0d3c
2023-09-18,2023-09-19,2023-09-20T22:00:00+00:00,4.32,c52a8a94103f6e67
2023-09-19,2023-09-20,2023-09-21T22:00:00+00:00,4.37,43f95c53163def5f
2023-09-20,2023-09-21,2023-09-22T22:00:00+00:00,4.35,9aca6ea0504992fa
2023-09-21,2023-09-22,2023-09-23T22:00:00+00:00,4.49,ec8192f541b1359d
2023-09-22,2023-09-25,2023-09-26T22:00:00+00:00,4.44,ea19647959d88f60
2023-09-25,2023-09-26,2023-09-27T22:00:00+00:00,4.55,bfadc3dfa18a864d
2023-09-26,2023-09-27,2023-09-28T22:00:00+00:00,4.56,cc680f958734247d
2023-09-27,2023-09-28,2023-09-29T22:00:00+00:00,4.61,30a57b138a8bc85f
2023-09-28,2023-09-29,2023-09-30T22:00:00+00:00,4.59,b05c13758792c182
2023-09-29,2023-10-02,2023-10-03T22:00:00+00:00,4.59,14df29917a06b7b0
2023-10-02,2023-10-03,2023-10-04T22:00:00+00:00,4.69,09db7aecd436d5a6
2023-10-03,2023-10-04,2023-10-05T22:00:00+00:00,4.81,368e9e51849cfb94
2023-10-04,2023-10-05,2023-10-06T22:00:00+00:00,4.73,6876e315f70fbd2f
2023-10-05,2023-10-06,2023-10-07T22:00:00+00:00,4.72,4c4e71c5fbbd9c94
2023-10-06,2023-10-10,2023-10-11T22:00:00+00:00,4.78,1f3d2bac353e429b
2023-10-10,2023-10-11,2023-10-12T22:00:00+00:00,4.66,de0d27a5d4a9ed0b
2023-10-11,2023-10-12,2023-10-13T22:00:00+00:00,4.58,ac01d0b666c90244
2023-10-12,2023-10-13,2023-10-14T22:00:00+00:00,4.70,a16b185e04dfe251
2023-10-13,2023-10-16,2023-10-17T22:00:00+00:00,4.63,949f9af1908e5478
2023-10-16,2023-10-17,2023-10-18T22:00:00+00:00,4.71,8e60665e0ea38469
2023-10-17,2023-10-18,2023-10-19T22:00:00+00:00,4.83,63959fe83c401051
2023-10-18,2023-10-19,2023-10-20T22:00:00+00:00,4.91,e100e6542ae129fd
2023-10-19,2023-10-20,2023-10-21T22:00:00+00:00,4.98,4d44e0779f2745e4
2023-10-20,2023-10-23,2023-10-24T22:00:00+00:00,4.93,d7c56db1ea54a9ed
2023-10-23,2023-10-24,2023-10-25T22:00:00+00:00,4.86,10a32a734275b41b
2023-10-24,2023-10-25,2023-10-26T22:00:00+00:00,4.83,fa6724b0dbbc202c
2023-10-25,2023-10-26,2023-10-27T22:00:00+00:00,4.95,4021fde4f6d0dce5
2023-10-26,2023-10-27,2023-10-28T22:00:00+00:00,4.86,1f75413d403e6489
2023-10-27,2023-10-30,2023-10-31T22:00:00+00:00,4.84,d96c2f123c617dd8
2023-10-30,2023-10-31,2023-11-01T22:00:00+00:00,4.88,befdb35b3bb62f84
2023-10-31,2023-11-01,2023-11-02T22:00:00+00:00,4.88,43a18eb1c2afedfb
2023-11-01,2023-11-02,2023-11-03T22:00:00+00:00,4.77,5546a6794ccbc35e
2023-11-02,2023-11-03,2023-11-04T22:00:00+00:00,4.67,b268e20f1c55431f
2023-11-03,2023-11-06,2023-11-07T22:00:00+00:00,4.57,a293de4cb98840ee
2023-11-06,2023-11-07,2023-11-08T22:00:00+00:00,4.67,b3ae74da53677353
2023-11-07,2023-11-08,2023-11-09T22:00:00+00:00,4.58,6b5eb5643cface98
2023-11-08,2023-11-09,2023-11-10T22:00:00+00:00,4.49,fe55dace113b79e6
2023-11-09,2023-11-13,2023-11-14T22:00:00+00:00,4.62,fdbd2c05f64c7485
2023-11-10,2023-11-13,2023-11-14T22:00:00+00:00,4.61,fdbd2c05f64c7485
2023-11-13,2023-11-14,2023-11-15T22:00:00+00:00,4.63,ad7feae08e354e6f
2023-11-14,2023-11-15,2023-11-16T22:00:00+00:00,4.44,4b10c5dd04638089
2023-11-15,2023-11-16,2023-11-17T22:00:00+00:00,4.53,f6028b40ee0e29c5
2023-11-16,2023-11-17,2023-11-18T22:00:00+00:00,4.45,51089b836a071e48
2023-11-17,2023-11-20,2023-11-21T22:00:00+00:00,4.44,5fe906c70d74fed0
2023-11-20,2023-11-21,2023-11-22T22:00:00+00:00,4.42,88c7d76d528594ac
2023-11-21,2023-11-22,2023-11-23T22:00:00+00:00,4.41,cc323b2266523b63
2023-11-22,2023-11-24,2023-11-25T22:00:00+00:00,4.42,ba23ccd5bd81545e
2023-11-24,2023-11-27,2023-11-28T22:00:00+00:00,4.47,2f434bba5efaf92d
2023-11-27,2023-11-28,2023-11-29T22:00:00+00:00,4.39,7707824798305b56
2023-11-28,2023-11-29,2023-11-30T22:00:00+00:00,4.34,e5ff186b5d5a6775
2023-11-29,2023-11-30,2023-12-01T22:00:00+00:00,4.27,992bba17b1b3a4e5
2023-11-30,2023-12-01,2023-12-02T22:00:00+00:00,4.37,76ea36b65fabc51f
2023-12-01,2023-12-04,2023-12-05T22:00:00+00:00,4.22,003a133661db1876
2023-12-04,2023-12-05,2023-12-06T22:00:00+00:00,4.28,99ac661308091b91
2023-12-05,2023-12-06,2023-12-07T22:00:00+00:00,4.18,7e109c003794e9a0
2023-12-06,2023-12-07,2023-12-08T22:00:00+00:00,4.12,38c289fa8ba0786c
2023-12-07,2023-12-08,2023-12-09T22:00:00+00:00,4.14,6ebe71ab74b258e5
2023-12-08,2023-12-11,2023-12-12T22:00:00+00:00,4.23,a3cca41b9c134fe2
2023-12-11,2023-12-12,2023-12-13T22:00:00+00:00,4.23,e4901a048135148d
2023-12-12,2023-12-13,2023-12-14T22:00:00+00:00,4.20,75ea3efc63d61a58
2023-12-13,2023-12-14,2023-12-15T22:00:00+00:00,4.04,f1d1a4191e6318f1
2023-12-14,2023-12-15,2023-12-16T22:00:00+00:00,3.92,e7e98c5601382ae0
2023-12-15,2023-12-18,2023-12-19T22:00:00+00:00,3.91,cb11de580f55b086
2023-12-18,2023-12-19,2023-12-20T22:00:00+00:00,3.95,c80f69a9630e83b4
2023-12-19,2023-12-20,2023-12-21T22:00:00+00:00,3.93,0b1622dd846c6620
2023-12-20,2023-12-21,2023-12-22T22:00:00+00:00,3.86,52f2a5901d035f85
2023-12-21,2023-12-22,2023-12-23T22:00:00+00:00,3.89,bfd23f15e491ce75
2023-12-22,2023-12-26,2023-12-27T22:00:00+00:00,3.90,ee3ae8e0f8182b07
2023-12-26,2023-12-27,2023-12-28T22:00:00+00:00,3.89,ba35debcfee64fff
2023-12-27,2023-12-28,2023-12-29T22:00:00+00:00,3.79,c6aad0ad340470b2
2023-12-28,2023-12-29,2023-12-30T22:00:00+00:00,3.84,612512ed46274068
2023-12-29,2024-01-02,2024-01-03T22:00:00+00:00,3.88,36973496d20ed213
2024-01-02,2024-01-03,2024-01-04T22:00:00+00:00,3.95,842760101a76c2ff
2024-01-03,2024-01-04,2024-01-05T22:00:00+00:00,3.91,c6e2a4ffa2128e0e
2024-01-04,2024-01-05,2024-01-06T22:00:00+00:00,3.99,6d2ed5948ec7a5bd
2024-01-05,2024-01-08,2024-01-09T22:00:00+00:00,4.05,bcdf923f5dd178ee
2024-01-08,2024-01-09,2024-01-10T22:00:00+00:00,4.01,31c56a9801fb67d6
2024-01-09,2024-01-10,2024-01-11T22:00:00+00:00,4.02,8b55286263e59f74
2024-01-10,2024-01-11,2024-01-12T22:00:00+00:00,4.04,d060aee3874a308a
2024-01-11,2024-01-12,2024-01-13T22:00:00+00:00,3.98,337189350522d75c
2024-01-12,2024-01-16,2024-01-17T22:00:00+00:00,3.96,24bb91896d91e026
2024-01-16,2024-01-17,2024-01-18T22:00:00+00:00,4.07,732a291d8eb6c91c
2024-01-17,2024-01-18,2024-01-19T22:00:00+00:00,4.10,6232dc77f441b283
2024-01-18,2024-01-19,2024-01-20T22:00:00+00:00,4.14,28be4d6edaafbbea
2024-01-19,2024-01-22,2024-01-23T22:00:00+00:00,4.15,68381c14303990ff
2024-01-22,2024-01-23,2024-01-24T22:00:00+00:00,4.11,c0bcd52707ae1f50
2024-01-23,2024-01-24,2024-01-25T22:00:00+00:00,4.14,2b049ee1377f1801
2024-01-24,2024-01-25,2024-01-26T22:00:00+00:00,4.18,9032de2a34da6750
2024-01-25,2024-01-26,2024-01-27T22:00:00+00:00,4.14,fff0520f19d71cf1
2024-01-26,2024-01-29,2024-01-30T22:00:00+00:00,4.15,8e9cd8e6718fb794
2024-01-29,2024-01-30,2024-01-31T22:00:00+00:00,4.08,c10e44c9a75279c3
2024-01-30,2024-01-31,2024-02-01T22:00:00+00:00,4.06,5e7d3f01affe33be
2024-01-31,2024-02-01,2024-02-02T22:00:00+00:00,3.99,51f7a93b3d1e51e0
2024-02-01,2024-02-02,2024-02-03T22:00:00+00:00,3.87,3ab9ebb1814a4b43
2024-02-02,2024-02-05,2024-02-06T22:00:00+00:00,4.03,d268baae0cc7529d
2024-02-05,2024-02-06,2024-02-07T22:00:00+00:00,4.17,1b43b6abd7975fef
2024-02-06,2024-02-07,2024-02-08T22:00:00+00:00,4.09,216760ede1ab67b4
2024-02-07,2024-02-08,2024-02-09T22:00:00+00:00,4.09,cbfcb980e800749a
2024-02-08,2024-02-09,2024-02-10T22:00:00+00:00,4.15,625f5bb7e9d861c9
2024-02-09,2024-02-12,2024-02-13T22:00:00+00:00,4.17,be079bb6294ddf4a
2024-02-12,2024-02-13,2024-02-14T22:00:00+00:00,4.17,cea26c0a3c422fbf
2024-02-13,2024-02-14,2024-02-15T22:00:00+00:00,4.31,6359de50b4a301f4
2024-02-14,2024-02-15,2024-02-16T22:00:00+00:00,4.27,4419be12425ffeee
2024-02-15,2024-02-16,2024-02-17T22:00:00+00:00,4.24,2c511d85dacd59bd
2024-02-16,2024-02-20,2024-02-21T22:00:00+00:00,4.30,1e1aa6ce91368506
2024-02-20,2024-02-21,2024-02-22T22:00:00+00:00,4.27,50a848587e57cbbc
2024-02-21,2024-02-22,2024-02-23T22:00:00+00:00,4.32,ffeb10a72f0d10ec
2024-02-22,2024-02-23,2024-02-24T22:00:00+00:00,4.33,e833dd365925ade6
2024-02-23,2024-02-26,2024-02-27T22:00:00+00:00,4.26,6db5a5991f17cdb9
2024-02-26,2024-02-27,2024-02-28T22:00:00+00:00,4.28,b5a3d43c031b2605
2024-02-27,2024-02-28,2024-02-29T22:00:00+00:00,4.31,dccc63d9f6fca0f5
2024-02-28,2024-02-29,2024-03-01T22:00:00+00:00,4.27,cf04241e399ef5ca
2024-02-29,2024-03-01,2024-03-02T22:00:00+00:00,4.25,f499b928b1475956
2024-03-01,2024-03-04,2024-03-05T22:00:00+00:00,4.19,d031e9207b780891
2024-03-04,2024-03-05,2024-03-06T22:00:00+00:00,4.22,74f263ae493846d8
2024-03-05,2024-03-06,2024-03-07T22:00:00+00:00,4.13,e2503a487a32088d
2024-03-06,2024-03-07,2024-03-08T22:00:00+00:00,4.11,c9af48315a8bc1e9
2024-03-07,2024-03-08,2024-03-09T22:00:00+00:00,4.09,0f762c367e898cbe
2024-03-08,2024-03-11,2024-03-12T22:00:00+00:00,4.09,dfb7165d3c4686bc
2024-03-11,2024-03-12,2024-03-13T22:00:00+00:00,4.10,5e5b6d934750295d
2024-03-12,2024-03-13,2024-03-14T22:00:00+00:00,4.16,6eb18c5fdf6b6788
2024-03-13,2024-03-14,2024-03-15T22:00:00+00:00,4.19,0850844ff1f924e7
2024-03-14,2024-03-15,2024-03-16T22:00:00+00:00,4.29,37c571b33749452d
2024-03-15,2024-03-18,2024-03-19T22:00:00+00:00,4.31,1fc6c62293c32ac0
2024-03-18,2024-03-19,2024-03-20T22:00:00+00:00,4.34,4cc008860a64cad3
2024-03-19,2024-03-20,2024-03-21T22:00:00+00:00,4.30,4a154400a8e08536
2024-03-20,2024-03-21,2024-03-22T22:00:00+00:00,4.27,9cd2a2769c987d34
2024-03-21,2024-03-22,2024-03-23T22:00:00+00:00,4.27,ee98badaccdb242d
2024-03-22,2024-03-25,2024-03-26T22:00:00+00:00,4.22,eae0264a9b0f596d
2024-03-25,2024-03-26,2024-03-27T22:00:00+00:00,4.25,2233558b0858b5ba
2024-03-26,2024-03-27,2024-03-28T22:00:00+00:00,4.24,8a65ac5bbcf85288
2024-03-27,2024-03-28,2024-03-29T22:00:00+00:00,4.20,b748c0fba31c9219
2024-03-28,2024-04-01,2024-04-02T22:00:00+00:00,4.20,440b62d7fdedbf8e
2024-04-01,2024-04-02,2024-04-03T22:00:00+00:00,4.33,fc080086d2d2a9fc
2024-04-02,2024-04-03,2024-04-04T22:00:00+00:00,4.36,c35afbf02cad6b25
2024-04-03,2024-04-04,2024-04-05T22:00:00+00:00,4.36,bc3cd8c3231f63fa
2024-04-04,2024-04-05,2024-04-06T22:00:00+00:00,4.31,ec935e4410191354
2024-04-05,2024-04-08,2024-04-09T22:00:00+00:00,4.39,3973e883f7d04997
2024-04-08,2024-04-09,2024-04-10T22:00:00+00:00,4.42,6a63ec7e997f071a
2024-04-09,2024-04-10,2024-04-11T22:00:00+00:00,4.36,af05f4be89003c84
2024-04-10,2024-04-11,2024-04-12T22:00:00+00:00,4.55,04bf6ec18f2abfc9
2024-04-11,2024-04-12,2024-04-13T22:00:00+00:00,4.56,0184d046ce071eb1
2024-04-12,2024-04-15,2024-04-16T22:00:00+00:00,4.50,55934d53c4d14c39
2024-04-15,2024-04-16,2024-04-17T22:00:00+00:00,4.63,4c8e3aec695120e3
2024-04-16,2024-04-17,2024-04-18T22:00:00+00:00,4.67,b60b4dc510d1c543
2024-04-17,2024-04-18,2024-04-19T22:00:00+00:00,4.59,f1bca6cb90f53f72
2024-04-18,2024-04-19,2024-04-20T22:00:00+00:00,4.64,ebe470b389d79039
2024-04-19,2024-04-22,2024-04-23T22:00:00+00:00,4.62,391a332c96738f76
2024-04-22,2024-04-23,2024-04-24T22:00:00+00:00,4.62,4ced20195035ba67
2024-04-23,2024-04-24,2024-04-25T22:00:00+00:00,4.61,4f0b75530d804149
2024-04-24,2024-04-25,2024-04-26T22:00:00+00:00,4.65,25bd23a5cd7f0387
2024-04-25,2024-04-26,2024-04-27T22:00:00+00:00,4.70,8410a4cc25962b08
2024-04-26,2024-04-29,2024-04-30T22:00:00+00:00,4.67,eacd9963d3117d4c
2024-04-29,2024-04-30,2024-05-01T22:00:00+00:00,4.63,929596a61786d555
2024-04-30,2024-05-01,2024-05-02T22:00:00+00:00,4.69,cc3dba6f4ff7c602
2024-05-01,2024-05-02,2024-05-03T22:00:00+00:00,4.63,09bed8111b921646
2024-05-02,2024-05-03,2024-05-04T22:00:00+00:00,4.58,9446a1a69da199c8
2024-05-03,2024-05-06,2024-05-07T22:00:00+00:00,4.50,dbe73af510b9fb8f
2024-05-06,2024-05-07,2024-05-08T22:00:00+00:00,4.49,12a1be916cc97c60
2024-05-07,2024-05-08,2024-05-09T22:00:00+00:00,4.47,0fffd76fc5cb2121
2024-05-08,2024-05-09,2024-05-10T22:00:00+00:00,4.48,d82c17b5abd1eebf
2024-05-09,2024-05-10,2024-05-11T22:00:00+00:00,4.45,1ae27e00e749706f
2024-05-10,2024-05-13,2024-05-14T22:00:00+00:00,4.50,228c7bbea301dd4c
2024-05-13,2024-05-14,2024-05-15T22:00:00+00:00,4.48,cdc9ce61ad8730ca
2024-05-14,2024-05-15,2024-05-16T22:00:00+00:00,4.45,05337b38065fc58e
2024-05-15,2024-05-16,2024-05-17T22:00:00+00:00,4.36,5aa6ebefd71af9d5
2024-05-16,2024-05-17,2024-05-18T22:00:00+00:00,4.38,16ab103c8c440101
2024-05-17,2024-05-20,2024-05-21T22:00:00+00:00,4.42,ecec1e85f237ed01
2024-05-20,2024-05-21,2024-05-22T22:00:00+00:00,4.44,3a52a298abc78913
2024-05-21,2024-05-22,2024-05-23T22:00:00+00:00,4.41,2f98f901a6e1074e
2024-05-22,2024-05-23,2024-05-24T22:00:00+00:00,4.43,9224b539b399a98b
2024-05-23,2024-05-24,2024-05-25T22:00:00+00:00,4.47,87e3e69fe30f60cf
2024-05-24,2024-05-28,2024-05-29T22:00:00+00:00,4.46,7ef152547a45f20c
2024-05-28,2024-05-29,2024-05-30T22:00:00+00:00,4.54,932633d6a8498025
2024-05-29,2024-05-30,2024-05-31T22:00:00+00:00,4.61,742a58fed1d55b9b
2024-05-30,2024-05-31,2024-06-01T22:00:00+00:00,4.55,34f8aa3426fc1e3c
2024-05-31,2024-06-03,2024-06-04T22:00:00+00:00,4.51,7dadbd9a82d0ebd3
2024-06-03,2024-06-04,2024-06-05T22:00:00+00:00,4.41,85b56ef31f6a36ca
2024-06-04,2024-06-05,2024-06-06T22:00:00+00:00,4.33,e118420b187e912c
2024-06-05,2024-06-06,2024-06-07T22:00:00+00:00,4.29,9fa226d1d55966e8
2024-06-06,2024-06-07,2024-06-08T22:00:00+00:00,4.28,c7d06bdbdbe802c2
2024-06-07,2024-06-11,2024-06-12T22:00:00+00:00,4.43,c8e6089f0fad3649
2024-06-10,2024-06-12,2024-06-13T22:00:00+00:00,4.47,2e7684b109611127
2024-06-11,2024-06-12,2024-06-13T22:00:00+00:00,4.39,2e7684b109611127
2024-06-12,2024-06-13,2024-06-14T22:00:00+00:00,4.31,b0f7c3dcc0009788
2024-06-13,2024-06-14,2024-06-15T22:00:00+00:00,4.24,6e5f136e6ae1eef7
2024-06-14,2024-06-17,2024-06-18T22:00:00+00:00,4.20,0d4d25e5a7310b19
2024-06-17,2024-06-18,2024-06-19T22:00:00+00:00,4.28,c888b6f9800575ec
2024-06-18,2024-06-20,2024-06-21T22:00:00+00:00,4.22,6412031735f1a258
2024-06-20,2024-06-21,2024-06-22T22:00:00+00:00,4.25,2c57d5231d46bd4b
2024-06-21,2024-06-24,2024-06-25T22:00:00+00:00,4.25,20fb4642345f1437
2024-06-24,2024-06-25,2024-06-26T22:00:00+00:00,4.25,b1d6a0e2a1710933
2024-06-25,2024-06-26,2024-06-27T22:00:00+00:00,4.23,a51a50c6cdff5e12
2024-06-26,2024-06-27,2024-06-28T22:00:00+00:00,4.32,1a4f27cd4ced4daa
2024-06-27,2024-06-28,2024-06-29T22:00:00+00:00,4.29,027dd1ddc7430e6c
2024-06-28,2024-07-01,2024-07-02T22:00:00+00:00,4.36,612aa33a0df4c73d
2024-07-01,2024-07-02,2024-07-03T22:00:00+00:00,4.48,466a2ddf40db4847
2024-07-02,2024-07-03,2024-07-04T22:00:00+00:00,4.43,aba975bf5f89a56f
2024-07-03,2024-07-05,2024-07-06T22:00:00+00:00,4.36,d76ba4c303dd55de
2024-07-05,2024-07-08,2024-07-09T22:00:00+00:00,4.28,751210a9c3f9df8f
2024-07-08,2024-07-09,2024-07-10T22:00:00+00:00,4.28,017e5e026b786c89
2024-07-09,2024-07-10,2024-07-11T22:00:00+00:00,4.30,a201b159b2aa786e
2024-07-10,2024-07-11,2024-07-12T22:00:00+00:00,4.28,103b37763a5fd10f
2024-07-11,2024-07-12,2024-07-13T22:00:00+00:00,4.20,3156c6fd810408ba
2024-07-12,2024-07-15,2024-07-16T22:00:00+00:00,4.18,4b66a0cc60440a89
2024-07-15,2024-07-16,2024-07-17T22:00:00+00:00,4.23,f0125ea6bb4ceef0
2024-07-16,2024-07-17,2024-07-18T22:00:00+00:00,4.17,c958c7ec9ec42ede
2024-07-17,2024-07-18,2024-07-19T22:00:00+00:00,4.16,9474d0b27a91a49c
2024-07-18,2024-07-19,2024-07-20T22:00:00+00:00,4.20,dceea447a8882909
2024-07-19,2024-07-22,2024-07-23T22:00:00+00:00,4.25,5d4d17dc6bf26b41
2024-07-22,2024-07-23,2024-07-24T22:00:00+00:00,4.26,f9967f5b7c4ba660
2024-07-23,2024-07-24,2024-07-25T22:00:00+00:00,4.25,f6d023af9341052d
2024-07-24,2024-07-25,2024-07-26T22:00:00+00:00,4.28,60a2ae42b1cf5b6b
2024-07-25,2024-07-26,2024-07-27T22:00:00+00:00,4.27,95e80898185bc50b
2024-07-26,2024-07-29,2024-07-30T22:00:00+00:00,4.20,9c24c3e1dc83a929
2024-07-29,2024-07-30,2024-07-31T22:00:00+00:00,4.17,750e0acd798b4f94
2024-07-30,2024-07-31,2024-08-01T22:00:00+00:00,4.15,951c81a6b137836c
2024-07-31,2024-08-01,2024-08-02T22:00:00+00:00,4.09,c62586502a79bbfc
2024-08-01,2024-08-02,2024-08-03T22:00:00+00:00,3.99,2fcf6932ffe421df
2024-08-02,2024-08-05,2024-08-06T22:00:00+00:00,3.80,f3e9c3e75966820a
2024-08-05,2024-08-06,2024-08-07T22:00:00+00:00,3.78,fe5d4c042211104c
2024-08-06,2024-08-07,2024-08-08T22:00:00+00:00,3.90,89cd2c59d1ee0a4b
2024-08-07,2024-08-08,2024-08-09T22:00:00+00:00,3.96,79b880c6aa781446
2024-08-08,2024-08-09,2024-08-10T22:00:00+00:00,3.99,68cf1cdb4ee93b16
2024-08-09,2024-08-12,2024-08-13T22:00:00+00:00,3.94,7cf70b944d4b9a24
2024-08-12,2024-08-13,2024-08-14T22:00:00+00:00,3.90,210290e46afccf1d
2024-08-13,2024-08-14,2024-08-15T22:00:00+00:00,3.85,8cdd7b7bd02e3539
2024-08-14,2024-08-15,2024-08-16T22:00:00+00:00,3.83,92f0046d5678873e
2024-08-15,2024-08-16,2024-08-17T22:00:00+00:00,3.92,1593a976f5ce3356
2024-08-16,2024-08-19,2024-08-20T22:00:00+00:00,3.89,c0ccd3b323d65874
2024-08-19,2024-08-20,2024-08-21T22:00:00+00:00,3.86,962cf0304e6f1ee3
2024-08-20,2024-08-21,2024-08-22T22:00:00+00:00,3.82,5bbeae8ddee69bc4
2024-08-21,2024-08-22,2024-08-23T22:00:00+00:00,3.79,fb5101b150455858
2024-08-22,2024-08-23,2024-08-24T22:00:00+00:00,3.86,bc51749535ff6a15
2024-08-23,2024-08-26,2024-08-27T22:00:00+00:00,3.81,ce0eb150359d18cc
2024-08-26,2024-08-27,2024-08-28T22:00:00+00:00,3.82,0f5f4998ed401143
2024-08-27,2024-08-28,2024-08-29T22:00:00+00:00,3.83,19358b7aec115084
2024-08-28,2024-08-29,2024-08-30T22:00:00+00:00,3.84,eab753660cfeb4b0
2024-08-29,2024-08-30,2024-08-31T22:00:00+00:00,3.87,e7e39af37b8d95cf
2024-08-30,2024-09-03,2024-09-04T22:00:00+00:00,3.91,d2fc1466cadc324d
2024-09-03,2024-09-04,2024-09-05T22:00:00+00:00,3.84,8a1300b69de2d665
2024-09-04,2024-09-05,2024-09-06T22:00:00+00:00,3.77,2b71e2e5c79337f9
2024-09-05,2024-09-06,2024-09-07T22:00:00+00:00,3.73,c256dc0ca85030c5
2024-09-06,2024-09-09,2024-09-10T22:00:00+00:00,3.72,8b2fe4fb4c6266a8
2024-09-09,2024-09-10,2024-09-11T22:00:00+00:00,3.70,c3fa0b4c44c8beae
2024-09-10,2024-09-11,2024-09-12T22:00:00+00:00,3.65,1bf729250d363caf
2024-09-11,2024-09-12,2024-09-13T22:00:00+00:00,3.65,b7d2c82990d83783
2024-09-12,2024-09-13,2024-09-14T22:00:00+00:00,3.68,d197dd0ac7954f53
2024-09-13,2024-09-16,2024-09-17T22:00:00+00:00,3.66,8949d97b2049ca09
2024-09-16,2024-09-17,2024-09-18T22:00:00+00:00,3.63,2fb7983f5213c0d2
2024-09-17,2024-09-18,2024-09-19T22:00:00+00:00,3.65,ca2e56f6db14b2c9
2024-09-18,2024-09-19,2024-09-20T22:00:00+00:00,3.70,425fa19912a1bcee
2024-09-19,2024-09-20,2024-09-21T22:00:00+00:00,3.73,d387f622c93a447e
2024-09-20,2024-09-23,2024-09-24T22:00:00+00:00,3.73,05c272481d473c9b
2024-09-23,2024-09-24,2024-09-25T22:00:00+00:00,3.75,eb9b630734694690
2024-09-24,2024-09-25,2024-09-26T22:00:00+00:00,3.74,64184e495d1a4232
2024-09-25,2024-09-26,2024-09-27T22:00:00+00:00,3.79,32bd093edce089ec
2024-09-26,2024-09-27,2024-09-28T22:00:00+00:00,3.79,eb69ea7c7307f719
2024-09-27,2024-09-30,2024-10-01T22:00:00+00:00,3.75,4639e6c03480ec51
2024-09-30,2024-10-01,2024-10-02T22:00:00+00:00,3.81,f61613f3761a4ac3
2024-10-01,2024-10-02,2024-10-03T22:00:00+00:00,3.74,6cfb2549ddebf4f6
2024-10-02,2024-10-03,2024-10-04T22:00:00+00:00,3.79,ba4ce664a9d8c4bc
2024-10-03,2024-10-04,2024-10-05T22:00:00+00:00,3.85,aaf9e83a97d0bc51
2024-10-04,2024-10-07,2024-10-08T22:00:00+00:00,3.98,69c0b26d520e5293
2024-10-07,2024-10-08,2024-10-09T22:00:00+00:00,4.03,f24c822cd134a818
2024-10-08,2024-10-09,2024-10-10T22:00:00+00:00,4.04,58c7a061f716e4c9
2024-10-09,2024-10-10,2024-10-11T22:00:00+00:00,4.06,126928ff4133739e
2024-10-10,2024-10-11,2024-10-12T22:00:00+00:00,4.09,0444ef700169309b
2024-10-11,2024-10-15,2024-10-16T22:00:00+00:00,4.08,9ea091e5e92021e5
2024-10-15,2024-10-16,2024-10-17T22:00:00+00:00,4.03,65c2a421e01fbb6d
2024-10-16,2024-10-17,2024-10-18T22:00:00+00:00,4.02,1665596c18cea083
2024-10-17,2024-10-18,2024-10-19T22:00:00+00:00,4.09,3ea30146623d65ea
2024-10-18,2024-10-21,2024-10-22T22:00:00+00:00,4.08,0f0122d7f3f9ec4b
2024-10-21,2024-10-22,2024-10-23T22:00:00+00:00,4.19,32f48133b50e8a54
2024-10-22,2024-10-23,2024-10-24T22:00:00+00:00,4.20,b3123448676ccca5
2024-10-23,2024-10-24,2024-10-25T22:00:00+00:00,4.24,2d8f9d34935366c1
2024-10-24,2024-10-25,2024-10-26T22:00:00+00:00,4.21,ccf33edbe9f328c0
2024-10-25,2024-10-28,2024-10-29T22:00:00+00:00,4.25,f78052dd6f13d5aa
2024-10-28,2024-10-29,2024-10-30T22:00:00+00:00,4.28,fbcf0b05dc6724c7
2024-10-29,2024-10-30,2024-10-31T22:00:00+00:00,4.28,5c5481fd1609e776
2024-10-30,2024-10-31,2024-11-01T22:00:00+00:00,4.29,e584f5cc5898fc0f
2024-10-31,2024-11-01,2024-11-02T22:00:00+00:00,4.28,4ddb816868c61389
2024-11-01,2024-11-04,2024-11-05T22:00:00+00:00,4.37,77a7632cefe4374f
2024-11-04,2024-11-05,2024-11-06T22:00:00+00:00,4.31,5d40af22db86a80c
2024-11-05,2024-11-06,2024-11-07T22:00:00+00:00,4.26,32637a4c5720b2cc
2024-11-06,2024-11-07,2024-11-08T22:00:00+00:00,4.42,5200b06f9e10da11
2024-11-07,2024-11-08,2024-11-09T22:00:00+00:00,4.31,590a3956ab407e9c
2024-11-08,2024-11-12,2024-11-13T22:00:00+00:00,4.30,38c7a1a5c7f79e8a
2024-11-12,2024-11-13,2024-11-14T22:00:00+00:00,4.43,9b55cd9d3587485e
2024-11-13,2024-11-14,2024-11-15T22:00:00+00:00,4.44,205f3aaa9690068a
2024-11-14,2024-11-15,2024-11-16T22:00:00+00:00,4.43,80c569eade8abdcb
2024-11-15,2024-11-18,2024-11-19T22:00:00+00:00,4.43,4e8dd425a5ca21fd
2024-11-18,2024-11-19,2024-11-20T22:00:00+00:00,4.42,74b56fca7608e755
2024-11-19,2024-11-20,2024-11-21T22:00:00+00:00,4.39,696f80fa16fd5e30
2024-11-20,2024-11-21,2024-11-22T22:00:00+00:00,4.41,b3525de9f03faf64
2024-11-21,2024-11-22,2024-11-23T22:00:00+00:00,4.43,e4e4eb3dacd5a2b6
2024-11-22,2024-11-25,2024-11-26T22:00:00+00:00,4.41,f68c29666aa27173
2024-11-25,2024-11-26,2024-11-27T22:00:00+00:00,4.27,e1aa9dde544a660c
2024-11-26,2024-11-27,2024-11-28T22:00:00+00:00,4.30,22e68318b77baa40
2024-11-27,2024-11-29,2024-11-30T22:00:00+00:00,4.25,2e5a98ee64858612
2024-11-29,2024-12-02,2024-12-03T22:00:00+00:00,4.18,c2b72f2e2f00c359
2024-12-02,2024-12-03,2024-12-04T22:00:00+00:00,4.19,aacd121b07c96e32
2024-12-03,2024-12-04,2024-12-05T22:00:00+00:00,4.23,f5fe2a3d629e5fde
2024-12-04,2024-12-05,2024-12-06T22:00:00+00:00,4.19,c6dc2ca42b55f75a
2024-12-05,2024-12-06,2024-12-07T22:00:00+00:00,4.17,436922b755ba756d
2024-12-06,2024-12-09,2024-12-10T22:00:00+00:00,4.15,6c6d2a7f2e744cbd
2024-12-09,2024-12-10,2024-12-11T22:00:00+00:00,4.20,8028ec2cf750da85
2024-12-10,2024-12-11,2024-12-12T22:00:00+00:00,4.22,293bd158e67a963f
2024-12-11,2024-12-12,2024-12-13T22:00:00+00:00,4.26,c927403075377505
2024-12-12,2024-12-13,2024-12-14T22:00:00+00:00,4.32,a8ff95828057b42e
2024-12-13,2024-12-16,2024-12-17T22:00:00+00:00,4.40,6da44c20c190406b
2024-12-16,2024-12-17,2024-12-18T22:00:00+00:00,4.39,54cdc1bcb61bae4a
2024-12-17,2024-12-18,2024-12-19T22:00:00+00:00,4.40,f65a6c8d37d93de1
2024-12-18,2024-12-19,2024-12-20T22:00:00+00:00,4.50,7ac44b3ae616fd6c
2024-12-19,2024-12-20,2024-12-21T22:00:00+00:00,4.57,31f0c371ae4ad99b
2024-12-20,2024-12-23,2024-12-24T22:00:00+00:00,4.52,fb699aa7244604d5
2024-12-23,2024-12-26,2024-12-27T22:00:00+00:00,4.59,79ad78126d347162
2024-12-24,2024-12-26,2024-12-27T22:00:00+00:00,4.59,79ad78126d347162
2024-12-26,2024-12-27,2024-12-28T22:00:00+00:00,4.58,7fc56413463cc247
2024-12-27,2024-12-30,2024-12-31T22:00:00+00:00,4.62,c8d81883af32103c
2024-12-30,2024-12-31,2025-01-01T22:00:00+00:00,4.55,70f540da71c5067d
